datetime,time_min,Loc_1080m,Loc_2160m,Loc_3240m,Loc_4320m
           2020-09-25 18:04:00,0,11.23909781,11.23219562,11.22529343,11.21839124
           2020-09-25 18:14:00,10,11.2394411,11.23253891,11.22632331,11.21976441
           2020-09-25 18:24:00,20,11.19924779,11.1923456,11.17840733,11.17217603
           2020-09-25 18:34:00,30,11.12265079,11.1157486,11.10816915,11.10055512
           2020-09-25 18:44:00,40,11.03644958,11.02954739,11.0258647,11.01824708
           2020-09-25 18:54:00,50,10.93684991,10.92994772,10.93847229,10.93166329
           2020-09-25 19:04:00,60,10.82541031,10.81850812,10.84750739,10.84399554
           2020-09-25 19:14:00,70,10.70044888,10.69354669,10.75259666,10.75637248
           2020-09-25 19:24:00,80,10.57173045,10.56482826,10.65205262,10.66868632
           2020-09-25 19:34:00,90,10.44127173,10.43436954,10.54594847,10.57996955
           2020-09-25 19:44:00,100,10.31333926,10.30643707,10.4347014,10.48912685
           2020-09-25 19:54:00,110,10.18689263,10.17999044,10.31964979,10.39519016
           2020-09-25 20:04:00,120,10.05618846,10.04928627,10.20191747,10.29760112
           2020-09-25 20:14:00,130,9.924439907,9.917537718,10.08142449,10.19619007
           2020-09-25 20:24:00,140,9.802076497,9.795174308,9.958797091,10.09091575
           2020-09-25 20:34:00,150,9.682091727,9.675189538,9.836785587,9.981996852
           2020-09-25 20:44:00,160,9.568324487,9.561422298,9.716430098,9.870314099
           2020-09-25 20:54:00,170,9.466518036,9.459615848,9.599360247,9.756971074
           2020-09-25 21:04:00,180,9.370578406,9.363676217,9.488099193,9.643349117
           2020-09-25 21:14:00,190,9.284157887,9.277255698,9.38348629,9.531215333
           2020-09-25 21:24:00,200,9.199970737,9.193068548,9.286781025,9.422283166
           2020-09-25 21:34:00,210,9.119903733,9.113001544,9.197354157,9.318242399
           2020-09-25 21:44:00,220,9.048620347,9.041718158,9.114748701,9.220317367
           2020-09-25 21:54:00,230,8.973779385,8.966877196,9.039304909,9.129301186
           2020-09-25 22:04:00,240,8.905581369,8.89867918,8.96863009,9.045741529
           2020-09-25 22:14:00,250,8.840067666,8.833165477,8.902550425,8.969401742
           2020-09-25 22:24:00,260,8.785153413,8.778251224,8.840102151,8.899811349
           2020-09-25 22:34:00,270,8.73277963,8.725877441,8.78211327,8.836174293
           2020-09-25 22:44:00,280,8.682437334,8.675535145,8.727793837,8.77783102
           2020-09-25 22:54:00,290,8.636820067,8.629917878,8.676428109,8.72398151
           2020-09-25 23:04:00,300,8.592705142,8.585802953,8.628050792,8.673772484
           2020-09-25 23:14:00,310,8.550829322,8.543927133,8.58216321,8.626510972
           2020-09-25 23:24:00,320,8.510674498,8.503772309,8.538576834,8.58158279
           2020-09-25 23:34:00,330,8.473512327,8.466610138,8.49711118,8.538535276
           2020-09-25 23:44:00,340,8.439239842,8.432337653,8.457938479,8.49707506
           2020-09-25 23:54:00,350,8.407373705,8.400471516,8.421242484,8.457121739
           2020-09-26 00:04:00,360,8.373610535,8.366708346,8.387105038,8.418772994
           2020-09-26 00:14:00,370,8.341400623,8.334498434,8.354691359,8.382237532
           2020-09-26 00:24:00,380,8.312637092,8.305734903,8.323915716,8.347597179
           2020-09-26 00:34:00,390,8.286036703,8.279134514,8.295070424,8.314932741
           2020-09-26 00:44:00,400,8.261918614,8.255016425,8.26813842,8.284370713
           2020-09-26 00:54:00,410,8.238026079,8.23112389,8.243148507,8.255991108
           2020-09-26 01:04:00,420,8.21871199,8.211809801,8.219644162,8.229824043
           2020-09-26 01:14:00,430,8.197213635,8.190311446,8.198105189,8.205746025
           2020-09-26 01:24:00,440,8.180386417,8.173484228,8.177584708,8.18368927
           2020-09-26 01:34:00,450,8.163502985,8.156600796,8.158651397,8.163353542
           2020-09-26 01:44:00,460,8.152031292,8.145129103,8.14089035,8.144555647
           2020-09-26 01:54:00,470,8.138992856,8.132090667,8.125090278,8.127039071
           2020-09-26 02:04:00,480,8.128598498,8.121696309,8.110567956,8.110750098
           2020-09-26 02:14:00,490,8.122470573,8.115568384,8.097586104,8.095534433
           2020-09-26 02:24:00,500,8.110611689,8.1037095,8.08674668,8.081350949
           2020-09-26 02:34:00,510,8.103285223,8.096383034,8.076533707,8.068338932
           2020-09-26 02:44:00,520,8.094725194,8.087823006,8.067668232,8.056361236
           2020-09-26 02:54:00,530,8.088398073,8.081495884,8.059626951,8.045479711
           2020-09-26 03:04:00,540,8.081862368,8.074960179,8.052639491,8.035672449
           2020-09-26 03:14:00,550,8.083714995,8.076812807,8.046408781,8.026982718
           2020-09-26 03:24:00,560,8.076430421,8.069528232,8.042440379,8.019391924
           2020-09-26 03:34:00,570,8.069723731,8.062821542,8.038476871,8.013186789
           2020-09-26 03:44:00,580,8.069631449,8.06272926,8.034425215,8.008144674
           2020-09-26 03:54:00,590,8.069237955,8.062335766,8.031477393,8.004011892
           2020-09-26 04:04:00,600,8.066601195,8.059699006,8.02932791,8.000777226
           2020-09-26 04:14:00,610,8.0625324,8.055630211,8.027302124,7.998350865
           2020-09-26 04:24:00,620,8.057182618,8.050280429,8.024965102,7.996500503
           2020-09-26 04:34:00,630,8.058965548,8.052063359,8.021983022,7.994922105
           2020-09-26 04:44:00,640,8.061242957,8.054340768,8.019843308,7.993280252
           2020-09-26 04:54:00,650,8.060208608,8.053306419,8.018585814,7.991603962
           2020-09-26 05:04:00,660,8.057789486,8.050887297,8.017462726,7.989970292
           2020-09-26 05:14:00,670,8.060559404,8.053657215,8.016179634,7.988337981
           2020-09-26 05:24:00,680,8.060511285,8.053609096,8.015834572,7.986646659
           2020-09-26 05:34:00,690,8.063399114,8.056496925,8.015778455,7.985102724
           2020-09-26 05:44:00,700,8.064511204,8.057609016,8.016582352,7.983788178
           2020-09-26 05:54:00,710,8.067655086,8.060752897,8.017775309,7.982909302
           2020-09-26 06:04:00,720,8.065653523,8.058751334,8.019683795,7.982557562
           2020-09-26 06:14:00,730,8.076448716,8.069546527,8.028970531,7.990742482
           2020-09-26 06:24:00,740,8.098477763,8.091575574,8.051509976,8.012230118
           2020-09-26 06:34:00,750,8.129312323,8.122410134,8.086236266,8.046433408
           2020-09-26 06:44:00,760,8.167391425,8.160489236,8.131837394,8.092734953
           2020-09-26 06:54:00,770,8.205718312,8.198816123,8.18690291,8.150372749
           2020-09-26 07:04:00,780,8.250695478,8.243793289,8.248797095,8.21840836
           2020-09-26 07:14:00,790,8.294300604,8.287398415,8.316557253,8.29548778
           2020-09-26 07:24:00,800,8.338890788,8.331988599,8.387814446,8.380238182
           2020-09-26 07:34:00,810,8.38924111,8.382338921,8.461074393,8.471007338
           2020-09-26 07:44:00,820,8.444292792,8.437390603,8.53618794,8.566098812
           2020-09-26 07:54:00,830,8.505358127,8.498455938,8.6130417,8.664089795
           2020-09-26 08:04:00,840,8.570699027,8.563796838,8.692015199,8.763847354
           2020-09-26 08:14:00,850,8.64296978,8.636067591,8.773264406,8.864624338
           2020-09-26 08:24:00,860,8.718917439,8.71201525,8.857593788,8.965982938
           2020-09-26 08:34:00,870,8.797999083,8.791096894,8.945124589,9.067887909
           2020-09-26 08:44:00,880,8.896184642,8.889282453,9.035850418,9.170501497
           2020-09-26 08:54:00,890,8.999116493,8.992214304,9.1330413,9.274096739
           2020-09-26 09:04:00,900,9.113515052,9.106612863,9.236655531,9.37967985
           2020-09-26 09:14:00,910,9.249894537,9.242992348,9.347890284,9.488194181
           2020-09-26 09:24:00,920,9.404235775,9.397333586,9.469864068,9.600721533
           2020-09-26 09:34:00,930,9.568676105,9.561773916,9.604421749,9.71881836
           2020-09-26 09:44:00,940,9.739255139,9.73235295,9.751377561,9.844168415
           2020-09-26 09:54:00,950,9.903600912,9.896698723,9.909466773,9.978105581
           2020-09-26 10:04:00,960,10.06947832,10.06257614,10.07472663,10.12138078
           2020-09-26 10:14:00,970,10.23458274,10.22768055,10.24498087,10.27363184
           2020-09-26 10:24:00,980,10.39843429,10.3915321,10.41776213,10.43385484
           2020-09-26 10:34:00,990,10.55960183,10.55269964,10.59082733,10.60044479
           2020-09-26 10:44:00,1000,10.72011176,10.71320957,10.762045,10.77136419
           2020-09-26 10:54:00,1010,10.85961957,10.85271739,10.93018212,10.94429154
           2020-09-26 11:04:00,1020,10.99709535,10.99019316,11.09023527,11.11692764
           2020-09-26 11:14:00,1030,11.11587217,11.10896998,11.24191088,11.286304
           2020-09-26 11:24:00,1040,11.21175959,11.2048574,11.38192523,11.44989325
           2020-09-26 11:34:00,1050,11.28484178,11.27793959,11.50679206,11.60502923
           2020-09-26 11:44:00,1060,11.35252316,11.34562097,11.61373777,11.74892358
           2020-09-26 11:54:00,1070,11.40959123,11.40268904,11.70425531,11.87885529
           2020-09-26 12:04:00,1080,11.46811167,11.46120949,11.77905065,11.99307002
           2020-09-26 12:14:00,1090,11.53831257,11.53141038,11.841571,12.09054158
           2020-09-26 12:24:00,1100,11.6129631,11.60606091,11.89728876,12.17145017
           2020-09-26 12:34:00,1110,11.69975214,11.69284996,11.94973397,12.23744589
           2020-09-26 12:44:00,1120,11.78570955,11.77880736,12.00353247,12.2910319
           2020-09-26 12:54:00,1130,11.85755663,11.85065444,12.0598764,12.33559189
           2020-09-26 13:04:00,1140,11.89475735,11.88785516,12.11659556,12.37445942
           2020-09-26 13:14:00,1150,11.92323848,11.91633629,12.16690308,12.41006957
           2020-09-26 13:24:00,1160,11.92954226,11.92264007,12.20953371,12.44294157
           2020-09-26 13:34:00,1170,11.93287689,11.92597471,12.24038063,12.47290174
           2020-09-26 13:44:00,1180,11.93039377,11.92349158,12.25965357,12.49855154
           2020-09-26 13:54:00,1190,11.92097047,11.91406828,12.26714448,12.51831473
           2020-09-26 14:04:00,1200,11.90425128,11.89734909,12.26268563,12.53046955
           2020-09-26 14:14:00,1210,11.89371302,11.88681083,12.24634578,12.53328987
           2020-09-26 14:24:00,1220,11.88151112,11.87460893,12.22129426,12.52521866
           2020-09-26 14:34:00,1230,11.87402535,11.86712316,12.18909746,12.50561185
           2020-09-26 14:44:00,1240,11.88618257,11.87928038,12.15267852,12.4744218
           2020-09-26 14:54:00,1250,11.89402906,11.88712687,12.11788117,12.43247412
           2020-09-26 15:04:00,1260,11.91426305,11.90736086,12.0850165,12.38200511
           2020-09-26 15:14:00,1270,11.91011933,11.90321714,12.05754641,12.32535298
           2020-09-26 15:24:00,1280,11.9069783,11.90007611,12.03066672,12.26550335
           2020-09-26 15:34:00,1290,11.89823896,11.89133677,12.00478762,12.20420395
           2020-09-26 15:44:00,1300,11.88284648,11.87594429,11.97860893,12.14301577
           2020-09-26 15:54:00,1310,11.86832793,11.86142574,11.95045666,12.08288189
           2020-09-26 16:04:00,1320,11.84510365,11.83820146,11.92019514,12.02403368
           2020-09-26 16:14:00,1330,11.81196503,11.80506284,11.88566485,11.96634061
           2020-09-26 16:24:00,1340,11.76340297,11.75650079,11.84466056,11.90893366
           2020-09-26 16:34:00,1350,11.68927888,11.68237669,11.79415741,11.85030085
           2020-09-26 16:44:00,1360,11.60050054,11.59359835,11.72952104,11.78824885
           2020-09-26 16:54:00,1370,11.51439576,11.50749357,11.64911881,11.71972978
           2020-09-26 17:04:00,1380,11.43994098,11.43303879,11.55553913,11.64165914
           2020-09-26 17:14:00,1390,11.35015196,11.34324977,11.45353981,11.55193667
           2020-09-26 17:24:00,1400,11.25055985,11.24365766,11.34227976,11.44994475
           2020-09-26 17:34:00,1410,11.13224242,11.12534023,11.22231616,11.33534346
           2020-09-26 17:44:00,1420,11.003318,10.99641581,11.09240888,11.20834853
           2020-09-26 17:54:00,1430,10.88235137,10.87544918,10.95492225,11.0711007
           2020-09-26 18:04:00,1440,10.79297794,10.78607575,10.82512167,10.9356494
           2020-09-26 18:14:00,1450,10.69917033,10.69226814,10.70844998,10.80307803
           2020-09-26 18:24:00,1460,10.59239306,10.58549087,10.60239933,10.67586012
           2020-09-26 18:34:00,1470,10.46653949,10.4596373,10.50259713,10.55588067
           2020-09-26 18:44:00,1480,10.34473425,10.33783206,10.40347197,10.44390252
           2020-09-26 18:54:00,1490,10.22549767,10.21859548,10.30455425,10.3392699
           2020-09-26 19:04:00,1500,10.11494828,10.10804609,10.20515406,10.24101333
           2020-09-26 19:14:00,1510,10.01436939,10.0074672,10.10604009,10.14783416
           2020-09-26 19:24:00,1520,9.905694201,9.898792012,10.0083871,10.0584807
           2020-09-26 19:34:00,1530,9.786998646,9.780096457,9.90973538,9.971906977
           2020-09-26 19:44:00,1540,9.665014229,9.65811204,9.807617635,9.886590691
           2020-09-26 19:54:00,1550,9.548381415,9.541479226,9.701413175,9.800657024
           2020-09-26 20:04:00,1560,9.435638241,9.428736052,9.592642277,9.712383693
           2020-09-26 20:14:00,1570,9.32808193,9.321179741,9.48267798,9.620723688
           2020-09-26 20:24:00,1580,9.2252565,9.218354311,9.373239523,9.525288967
           2020-09-26 20:34:00,1590,9.130386804,9.123484615,9.265896379,9.426398156
           2020-09-26 20:44:00,1600,9.036944122,9.030041933,9.162730377,9.32497566
           2020-09-26 20:54:00,1610,8.951339111,8.944436922,9.064164253,9.222555918
           2020-09-26 21:04:00,1620,8.87225918,8.865356991,8.971683597,9.120803645
           2020-09-26 21:14:00,1630,8.799601691,8.792699502,8.886109719,9.021613789
           2020-09-26 21:24:00,1640,8.733297649,8.726395461,8.807867976,8.926841414
           2020-09-26 21:34:00,1650,8.672467047,8.665564858,8.737028963,8.838113141
           2020-09-26 21:44:00,1660,8.613340027,8.606437838,8.673202469,8.756680719
           2020-09-26 21:54:00,1670,8.558302806,8.551400617,8.615033535,8.683293325
           2020-09-26 22:04:00,1680,8.503058542,8.496156353,8.561640119,8.618011106
           2020-09-26 22:14:00,1690,8.454392417,8.447490228,8.51129398,8.560371167
           2020-09-26 22:24:00,1700,8.410235408,8.403333219,8.463881906,8.50930628
           2020-09-26 22:34:00,1710,8.369721887,8.362819698,8.419032416,8.463611613
           2020-09-26 22:44:00,1720,8.329095145,8.322192956,8.376422589,8.422008245
           2020-09-26 22:54:00,1730,8.294492658,8.287590469,8.335189789,8.383267879
           2020-09-26 23:04:00,1740,8.260871718,8.253969529,8.296024342,8.346196464
           2020-09-26 23:14:00,1750,8.233671416,8.226769227,8.258710486,8.310034518
           2020-09-26 23:24:00,1760,8.203394111,8.196491922,8.224314403,8.274290349
           2020-09-26 23:34:00,1770,8.177779756,8.170877567,8.191927318,8.239005309
           2020-09-26 23:44:00,1780,8.155434267,8.148532079,8.162324569,8.204289511
           2020-09-26 23:54:00,1790,8.137440552,8.130538363,8.135905216,8.170621178
           2020-09-27 00:04:00,1800,8.120660782,8.113758593,8.113182162,8.138677392
           2020-09-27 00:14:00,1810,8.106103422,8.099201233,8.093862047,8.1092647
           2020-09-27 00:24:00,1820,8.089713415,8.082811226,8.077750861,8.083060164
           2020-09-27 00:34:00,1830,8.076996512,8.070094323,8.063709383,8.060566726
           2020-09-27 00:44:00,1840,8.063687375,8.056785187,8.051744299,8.041873153
           2020-09-27 00:54:00,1850,8.053094906,8.046192717,8.040947527,8.026891398
           2020-09-27 01:04:00,1860,8.043078883,8.036176694,8.031181447,8.015177803
           2020-09-27 01:14:00,1870,8.038511913,8.031609724,8.021940975,8.006142847
           2020-09-27 01:24:00,1880,8.033442676,8.026540487,8.013870925,7.999031734
           2020-09-27 01:34:00,1890,8.03097601,8.024073821,8.00645182,7.993235163
           2020-09-27 01:44:00,1900,8.026729707,8.019827518,7.999961069,7.988101044
           2020-09-27 01:54:00,1910,8.021202286,8.014300097,7.993854049,7.983161134
           2020-09-27 02:04:00,1920,8.014933337,8.008031148,7.987817197,7.977993879
           2020-09-27 02:14:00,1930,8.010387319,8.00348513,7.98174371,7.972298629
           2020-09-27 02:24:00,1940,8.005652656,7.998750467,7.976094833,7.965941621
           2020-09-27 02:34:00,1950,7.996425423,7.989523234,7.970916999,7.959054749
           2020-09-27 02:44:00,1960,7.992800331,7.985898142,7.965338069,7.951904414
           2020-09-27 02:54:00,1970,7.991005406,7.984103217,7.960608703,7.944649518
           2020-09-27 03:04:00,1980,7.984994488,7.978092299,7.957058621,7.937742142
           2020-09-27 03:14:00,1990,7.981083576,7.974181387,7.953663529,7.93166649
           2020-09-27 03:24:00,2000,7.977252519,7.97035033,7.950716502,7.926607072
           2020-09-27 03:34:00,2010,7.973905251,7.967003062,7.948027983,7.922706819
           2020-09-27 03:44:00,2020,7.9702991,7.963396911,7.945482155,7.919950311
           2020-09-27 03:54:00,2030,7.971287083,7.964384894,7.942818919,7.918187235
           2020-09-27 04:04:00,2040,7.967999525,7.961097337,7.940831915,7.917125579
           2020-09-27 04:14:00,2050,7.966986709,7.96008452,7.93845549,7.916588283
           2020-09-27 04:24:00,2060,7.96431841,7.957416221,7.936108693,7.916154307
           2020-09-27 04:34:00,2070,7.96209629,7.955194101,7.933426671,7.915522835
           2020-09-27 04:44:00,2080,7.961857389,7.9549552,7.930564314,7.914380442
           2020-09-27 04:54:00,2090,7.960597129,7.953694941,7.928035198,7.912541046
           2020-09-27 05:04:00,2100,7.961299437,7.954397248,7.925719762,7.91003218
           2020-09-27 05:14:00,2110,7.963250601,7.956348412,7.924128376,7.906954289
           2020-09-27 05:24:00,2120,7.964486432,7.957584243,7.923565402,7.903597306
           2020-09-27 05:34:00,2130,7.969161238,7.962259049,7.923857083,7.900362506
           2020-09-27 05:44:00,2140,7.96683554,7.959933351,7.925641994,7.89762252
           2020-09-27 05:54:00,2150,7.972438682,7.965536493,7.927273336,7.895854596
           2020-09-27 06:04:00,2160,7.970370662,7.963468473,7.930262325,7.895121013
           2020-09-27 06:14:00,2170,7.979970535,7.973068346,7.93882184,7.901814095
           2020-09-27 06:24:00,2180,7.999035482,7.992133293,7.960718549,7.922521309
           2020-09-27 06:34:00,2190,8.032640996,8.025738807,7.99437054,7.956532731
           2020-09-27 06:44:00,2200,8.067541819,8.06063963,8.039580812,8.002969141
           2020-09-27 06:54:00,2210,8.110160869,8.10325868,8.093581057,8.061025286
           2020-09-27 07:04:00,2220,8.156003613,8.149101424,8.155294206,8.129425583
           2020-09-27 07:14:00,2230,8.206920333,8.200018144,8.222977004,8.206831575
           2020-09-27 07:24:00,2240,8.260068472,8.253166283,8.295603289,8.291748026
           2020-09-27 07:34:00,2250,8.318716615,8.311814426,8.371852047,8.382727085
           2020-09-27 07:44:00,2260,8.380045617,8.373143428,8.451396885,8.478344661
           2020-09-27 07:54:00,2270,8.440919746,8.434017557,8.533555774,8.577436511
           2020-09-27 08:04:00,2280,8.506864994,8.499962805,8.617218105,8.679022735
           2020-09-27 08:14:00,2290,8.577973708,8.571071519,8.702648096,8.782204742
           2020-09-27 08:24:00,2300,8.657445439,8.65054325,8.790226883,8.886429537
           2020-09-27 08:34:00,2310,8.737057361,8.730155172,8.881040183,8.99146107
           2020-09-27 08:44:00,2320,8.824439297,8.817537108,8.974399772,9.09746271
           2020-09-27 08:54:00,2330,8.919772679,8.91287049,9.071221689,9.204548923
           2020-09-27 09:04:00,2340,9.02238887,9.015486681,9.172345592,9.313067758
           2020-09-27 09:14:00,2350,9.125981145,9.119078956,9.27833376,9.423519368
           2020-09-27 09:24:00,2360,9.241231454,9.234329265,9.388300268,9.536443941
           2020-09-27 09:34:00,2370,9.36186557,9.354963381,9.503551153,9.652083387
           2020-09-27 09:44:00,2380,9.483495342,9.476593153,9.623922521,9.770838066
           2020-09-27 09:54:00,2390,9.615290877,9.608388688,9.748278943,9.892945482
           2020-09-27 10:04:00,2400,9.763160011,9.756257822,9.877431396,10.01829499
           2020-09-27 10:14:00,2410,9.923022415,9.916120226,10.01335074,10.14687482
           2020-09-27 10:24:00,2420,10.08569658,10.07879439,10.15699485,10.27903266
           2020-09-27 10:34:00,2430,10.23521916,10.22831697,10.30728642,10.41526192
           2020-09-27 10:44:00,2440,10.38623431,10.37933212,10.45984305,10.55578019
           2020-09-27 10:54:00,2450,10.52841432,10.52151213,10.6136329,10.69986767
           2020-09-27 11:04:00,2460,10.68840862,10.68150643,10.76563738,10.84664259
           2020-09-27 11:14:00,2470,10.85370902,10.84680683,10.91873559,10.99468464
           2020-09-27 11:24:00,2480,10.99613424,10.98923205,11.0731726,11.14332864
           2020-09-27 11:34:00,2490,11.1400413,11.13313911,11.22343592,11.29209103
           2020-09-27 11:44:00,2500,11.26769169,11.2607895,11.3696068,11.43947048
           2020-09-27 11:54:00,2510,11.38491609,11.3780139,11.50828376,11.58419327
           2020-09-27 12:04:00,2520,11.49383443,11.48693224,11.63774869,11.72449531
           2020-09-27 12:14:00,2530,11.59933579,11.5924336,11.75712562,11.85853003
           2020-09-27 12:24:00,2540,11.70111952,11.69421733,11.86690913,11.9845804
           2020-09-27 12:34:00,2550,11.79112642,11.78422423,11.96776473,12.10136519
           2020-09-27 12:44:00,2560,11.87628458,11.86938239,12.05884685,12.20806587
           2020-09-27 12:54:00,2570,11.94775333,11.94085114,12.14096656,12.30398636
           2020-09-27 13:04:00,2580,12.02394131,12.01703912,12.21315164,12.38888087
           2020-09-27 13:14:00,2590,12.09746587,12.09056368,12.27838638,12.46253171
           2020-09-27 13:24:00,2600,12.17650683,12.16960465,12.33791697,12.52553814
           2020-09-27 13:34:00,2610,12.24782614,12.24092395,12.39451644,12.57885458
           2020-09-27 13:44:00,2620,12.31747968,12.31057749,12.44784966,12.62402282
           2020-09-27 13:54:00,2630,12.36744499,12.3605428,12.49864674,12.66241374
           2020-09-27 14:04:00,2640,12.38623616,12.37933397,12.54362194,12.69538615
           2020-09-27 14:14:00,2650,12.3942509,12.38734872,12.57715854,12.72338875
           2020-09-27 14:24:00,2660,12.39459529,12.3876931,12.5982424,12.74549692
           2020-09-27 14:34:00,2670,12.39342559,12.3865234,12.60669457,12.76046521
           2020-09-27 14:44:00,2680,12.38522888,12.37832669,12.60381747,12.76696412
           2020-09-27 14:54:00,2690,12.37870795,12.37180576,12.58988651,12.76395525
           2020-09-27 15:04:00,2700,12.35374612,12.34684393,12.56716208,12.750525
           2020-09-27 15:14:00,2710,12.33104263,12.32414044,12.53372298,12.72635118
           2020-09-27 15:24:00,2720,12.30047907,12.29357688,12.49220368,12.69084222
           2020-09-27 15:34:00,2730,12.2659083,12.25900611,12.44303997,12.64413701
           2020-09-27 15:44:00,2740,12.23661651,12.22971432,12.38745148,12.58661553
           2020-09-27 15:54:00,2750,12.20977393,12.20287175,12.3284588,12.51903834
           2020-09-27 16:04:00,2760,12.17114677,12.16424458,12.26815829,12.44286736
           2020-09-27 16:14:00,2770,12.1274606,12.12055841,12.20532486,12.35997477
           2020-09-27 16:24:00,2780,12.07819918,12.07129699,12.13996524,12.27185233
           2020-09-27 16:34:00,2790,12.01178145,12.00487926,12.07174848,12.17981696
           2020-09-27 16:44:00,2800,11.92398963,11.91708744,11.99776062,12.08488631
           2020-09-27 16:54:00,2810,11.83112649,11.8242243,11.91429089,11.98721173
           2020-09-27 17:04:00,2820,11.72277463,11.71587244,11.82128382,11.88594893
           2020-09-27 17:14:00,2830,11.63081045,11.62390826,11.71664416,11.78010154
           2020-09-27 17:24:00,2840,11.53275249,11.5258503,11.60524139,11.66815498
           2020-09-27 17:34:00,2850,11.43342478,11.42652259,11.48713594,11.549628
           2020-09-27 17:44:00,2860,11.33927251,11.33237032,11.36352618,11.42407271
           2020-09-27 17:54:00,2870,11.23821796,11.23131577,11.24147469,11.29586572
           2020-09-27 18:04:00,2880,11.13329679,11.1263946,11.12845546,11.17400768
           2020-09-27 18:14:00,2890,11.0337645,11.02686232,11.02175743,11.05825633
           2020-09-27 18:24:00,2900,10.92881857,10.92191638,10.92097437,10.94813746
           2020-09-27 18:34:00,2910,10.81488826,10.80798607,10.8236075,10.84335622
           2020-09-27 18:44:00,2920,10.70629605,10.69939386,10.72668465,10.74330089
           2020-09-27 18:54:00,2930,10.590959,10.58405681,10.63054004,10.64693298
           2020-09-27 19:04:00,2940,10.47081896,10.46391677,10.53311393,10.55348476
           2020-09-27 19:14:00,2950,10.34143458,10.33453239,10.4330349,10.46192987
           2020-09-27 19:24:00,2960,10.20136388,10.19446169,10.3282709,10.3711323
           2020-09-27 19:34:00,2970,10.07420933,10.06730714,10.21682576,10.27971127
           2020-09-27 19:44:00,2980,9.941924285,9.935022096,10.10197682,10.18606782
           2020-09-27 19:54:00,2990,9.808988417,9.802086228,9.983230128,10.0895079
           2020-09-27 20:04:00,3000,9.676164893,9.669262704,9.861198316,9.989405607
           2020-09-27 20:14:00,3010,9.553795285,9.546893096,9.736715679,9.885427744
           2020-09-27 20:24:00,3020,9.439182032,9.432279843,9.612764115,9.777555019
           2020-09-27 20:34:00,3030,9.334589249,9.32768706,9.491539732,9.666495471
           2020-09-27 20:44:00,3040,9.237572409,9.23067022,9.375443275,9.553447636
           2020-09-27 20:54:00,3050,9.149055576,9.142153387,9.266003099,9.440070066
           2020-09-27 21:04:00,3060,9.058083682,9.051181493,9.164568699,9.328216312
           2020-09-27 21:14:00,3070,8.968787528,8.961885339,9.069815708,9.219824163
           2020-09-27 21:24:00,3080,8.892436861,8.885534672,8.981076405,9.116292784
           2020-09-27 21:34:00,3090,8.820763637,8.813861448,8.899834939,9.018604905
           2020-09-27 21:44:00,3100,8.758748256,8.751846067,8.825558502,8.927771028
           2020-09-27 21:54:00,3110,8.695930179,8.68902799,8.75862572,8.844392087
           2020-09-27 22:04:00,3120,8.639953154,8.633050965,8.697105344,8.768874695
           2020-09-27 22:14:00,3130,8.590170727,8.583268538,8.640742463,8.700977825
           2020-09-27 22:24:00,3140,8.54592764,8.539025451,8.589192993,8.640236181
           2020-09-27 22:34:00,3150,8.507993691,8.501091502,8.542074716,8.586003993
           2020-09-27 22:44:00,3160,8.472367388,8.465465199,8.499300542,8.537514791
           2020-09-27 22:54:00,3170,8.438785367,8.431883178,8.460085349,8.494009645
           2020-09-27 23:04:00,3180,8.407845772,8.400943583,8.423781248,8.454647879
           2020-09-27 23:14:00,3190,8.379140015,8.372237826,8.390054587,8.41859156
           2020-09-27 23:24:00,3200,8.351944311,8.345042122,8.358649604,8.38511298
           2020-09-27 23:34:00,3210,8.332363447,8.325461258,8.329299752,8.353634093
           2020-09-27 23:44:00,3220,8.310790646,8.303888457,8.303123076,8.323730675
           2020-09-27 23:54:00,3230,8.284304967,8.277402779,8.279219472,8.295411424
           2020-09-28 00:04:00,3240,8.260641704,8.253739515,8.256161256,8.268653796
           2020-09-28 00:14:00,3250,8.241324469,8.23442228,8.234242294,8.243268003
           2020-09-28 00:24:00,3260,8.228777511,8.221875322,8.214065652,8.219234573
           2020-09-28 00:34:00,3270,8.219229413,8.212327224,8.196687138,8.196724221
           2020-09-28 00:44:00,3280,8.20576819,8.198866001,8.18226665,8.176143682
           2020-09-28 00:54:00,3290,8.190517491,8.183615302,8.169455497,8.157896517
           2020-09-28 01:04:00,3300,8.178300223,8.171398034,8.157391835,8.142035355
           2020-09-28 01:14:00,3310,8.170602088,8.163699899,8.146266503,8.12836401
           2020-09-28 01:24:00,3320,8.164618628,8.157716439,8.13658457,8.11666686
           2020-09-28 01:34:00,3330,8.15788706,8.150984871,8.12826072,8.106782537
           2020-09-28 01:44:00,3340,8.154593303,8.147691114,8.12073601,8.098492647
           2020-09-28 01:54:00,3350,8.158022678,8.151120489,8.114405483,8.091447861
           2020-09-28 02:04:00,3360,8.158175193,8.151273004,8.110371062,8.085400701
           2020-09-28 02:14:00,3370,8.15681497,8.149912781,8.107612722,8.080371787
           2020-09-28 02:24:00,3380,8.159537081,8.152634892,8.105567687,8.076210139
           2020-09-28 02:34:00,3390,8.164657141,8.157754952,8.104903422,8.072713184
           2020-09-28 02:44:00,3400,8.165568635,8.158666447,8.105911236,8.069895714
           2020-09-28 02:54:00,3410,8.167761057,8.160858868,8.107486392,8.06789883
           2020-09-28 03:04:00,3420,8.169428559,8.16252637,8.109733578,8.066682913
           2020-09-28 03:14:00,3430,8.174448554,8.167546366,8.112371754,8.066277894
           2020-09-28 03:24:00,3440,8.178213572,8.171311383,8.115939547,8.066682739
           2020-09-28 03:34:00,3450,8.184403092,8.177500903,8.119970307,8.068020581
           2020-09-28 03:44:00,3460,8.188448163,8.181545974,8.124781116,8.070303357
           2020-09-28 03:54:00,3470,8.19944596,8.192543771,8.12970883,8.073586234
           2020-09-28 04:04:00,3480,8.205831854,8.198929665,8.136026063,8.077749407
           2020-09-28 04:14:00,3490,8.212391777,8.205489588,8.142514844,8.082907264
           2020-09-28 04:24:00,3500,8.220313724,8.213411535,8.149039946,8.088874503
           2020-09-28 04:34:00,3510,8.230488505,8.223586316,8.155749251,8.095416983
           2020-09-28 04:44:00,3520,8.242347258,8.235445069,8.163000074,8.102327547
           2020-09-28 04:54:00,3530,8.252991473,8.246089285,8.171038199,8.109485008
           2020-09-28 05:04:00,3540,8.257362967,8.250460778,8.179511798,8.116842144
           2020-09-28 05:14:00,3550,8.264144695,8.257242507,8.187058934,8.124310338
           2020-09-28 05:24:00,3560,8.267251901,8.260349712,8.19424609,8.131562942
           2020-09-28 05:34:00,3570,8.276558808,8.269656619,8.200372753,8.138462115
           2020-09-28 05:44:00,3580,8.281078585,8.274176396,8.206869567,8.144789151
           2020-09-28 05:54:00,3590,8.289566626,8.282664437,8.21279937,8.150693764
           2020-09-28 06:04:00,3600,8.301181606,8.294279417,8.219104162,8.156169749
           2020-09-28 06:14:00,3610,8.317162321,8.310260132,8.230774668,8.165745231
           2020-09-28 06:24:00,3620,8.345712077,8.338809888,8.256427064,8.188443659
           2020-09-28 06:34:00,3630,8.382768798,8.375866609,8.295217588,8.223935713
           2020-09-28 06:44:00,3640,8.417074393,8.410172204,8.34567427,8.271920382
           2020-09-28 06:54:00,3650,8.462275092,8.455372903,8.404181836,8.331889863
           2020-09-28 07:04:00,3660,8.515277465,8.508375276,8.470327331,8.402650083
           2020-09-28 07:14:00,3670,8.568025551,8.561123362,8.543243223,8.48302442
           2020-09-28 07:24:00,3680,8.626159524,8.619257335,8.620622362,8.571775606
           2020-09-28 07:34:00,3690,8.686287168,8.679384979,8.701692675,8.66733981
           2020-09-28 07:44:00,3700,8.750041156,8.743138967,8.785260398,8.768206208
           2020-09-28 07:54:00,3710,8.816924,8.810021811,8.870787898,8.872867947
           2020-09-28 08:04:00,3720,8.888833797,8.881931608,8.957897706,8.97999699
           2020-09-28 08:14:00,3730,8.974635201,8.967733012,9.0468328,9.088495511
           2020-09-28 08:24:00,3740,9.063038049,9.056135861,9.139818645,9.197625968
           2020-09-28 08:34:00,3750,9.161944429,9.15504224,9.236660722,9.307398241
           2020-09-28 08:44:00,3760,9.268826257,9.261924068,9.338821163,9.417992052
           2020-09-28 08:54:00,3770,9.387237292,9.380335103,9.447076078,9.530045501
           2020-09-28 09:04:00,3780,9.512316577,9.505414388,9.562765204,9.644423058
           2020-09-28 09:14:00,3790,9.647329571,9.640427382,9.685957211,9.76224904
           2020-09-28 09:24:00,3800,9.78966658,9.782764391,9.817200977,9.884554239
           2020-09-28 09:34:00,3810,9.931989571,9.925087382,9.956273099,10.01231572
           2020-09-28 09:44:00,3820,10.07131133,10.06440914,10.10126801,10.1462467
           2020-09-28 09:54:00,3830,10.21425136,10.20734917,10.24967769,10.28642993
           2020-09-28 10:04:00,3840,10.35961339,10.3527112,10.40052763,10.43222726
           2020-09-28 10:14:00,3850,10.49946235,10.49256016,10.5527401,10.58267167
           2020-09-28 10:24:00,3860,10.63891039,10.6320082,10.70380818,10.73651984
           2020-09-28 10:34:00,3870,10.77792397,10.77102178,10.85267432,10.89204279
           2020-09-28 10:44:00,3880,10.91253189,10.9056297,10.99861726,11.04744158
           2020-09-28 10:54:00,3890,11.04705438,11.04015219,11.14042766,11.20100756
           2020-09-28 11:04:00,3900,11.17945945,11.17255726,11.27816264,11.35109177
           2020-09-28 11:14:00,3910,11.29994485,11.29304267,11.4117127,11.49642535
           2020-09-28 11:24:00,3920,11.41867195,11.41176976,11.53914668,11.6360976
           2020-09-28 11:34:00,3930,11.53144177,11.52453958,11.6609496,11.769164
           2020-09-28 11:44:00,3940,11.63601291,11.62911072,11.77683427,11.8951396
           2020-09-28 11:54:00,3950,11.73485693,11.72795474,11.88614656,12.01377664
           2020-09-28 12:04:00,3960,11.83226896,11.82536677,11.98883402,12.12492337
           2020-09-28 12:14:00,3970,11.91004499,11.9031428,12.08575687,12.22858459
           2020-09-28 12:24:00,3980,11.99274021,11.98583803,12.17391702,12.32504059
           2020-09-28 12:34:00,3990,12.06913247,12.06223028,12.25561868,12.41396742
           2020-09-28 12:44:00,4000,12.1387449,12.13184271,12.33068033,12.49553476
           2020-09-28 12:54:00,4010,12.19891482,12.19201263,12.39881872,12.56982569
           2020-09-28 13:04:00,4020,12.25326118,12.24635899,12.45921334,12.63680118
           2020-09-28 13:14:00,4030,12.30610229,12.2992001,12.51187349,12.69619208
           2020-09-28 13:24:00,4040,12.35505879,12.3481566,12.5577505,12.7476987
           2020-09-28 13:34:00,4050,12.39967167,12.39276948,12.59728073,12.79121232
           2020-09-28 13:44:00,4060,12.42901663,12.42211444,12.63080539,12.82672237
           2020-09-28 13:54:00,4070,12.46158552,12.45468333,12.65638857,12.85431405
           2020-09-28 14:04:00,4080,12.47817895,12.47127677,12.67609722,12.87370678
           2020-09-28 14:14:00,4090,12.48774517,12.48084298,12.68788822,12.88512639
           2020-09-28 14:24:00,4100,12.49681462,12.48991243,12.6917291,12.8884233
           2020-09-28 14:34:00,4110,12.49697618,12.490074,12.68897357,12.88351388
           2020-09-28 14:44:00,4120,12.49142837,12.48452618,12.67914029,12.87065849
           2020-09-28 14:54:00,4130,12.48708955,12.48018736,12.6624311,12.85004154
           2020-09-28 15:04:00,4140,12.46959177,12.46268958,12.64045352,12.82189651
           2020-09-28 15:14:00,4150,12.44394295,12.43704076,12.61167827,12.78677168
           2020-09-28 15:24:00,4160,12.41294295,12.40604076,12.57567946,12.74483121
           2020-09-28 15:34:00,4170,12.37951563,12.37261344,12.53263142,12.69608966
           2020-09-28 15:44:00,4180,12.33444973,12.32754754,12.48331166,12.6405386
           2020-09-28 15:54:00,4190,12.29424069,12.2873385,12.4265407,12.57827519
           2020-09-28 16:04:00,4200,12.24158276,12.23468057,12.3646727,12.50909638
           2020-09-28 16:14:00,4210,12.18372482,12.17682264,12.29632489,12.43326947
           2020-09-28 16:24:00,4220,12.12866596,12.12176377,12.22172718,12.35074074
           2020-09-28 16:34:00,4230,12.07428202,12.06737983,12.14278163,12.26150871
           2020-09-28 16:44:00,4240,11.9937606,11.98685841,12.06081905,12.16598585
           2020-09-28 16:54:00,4250,11.91814887,11.91124668,11.97146205,12.06486079
           2020-09-28 17:04:00,4260,11.83660543,11.82970324,11.87706481,11.95788864
           2020-09-28 17:14:00,4270,11.75395782,11.74705563,11.77757438,11.84535046
           2020-09-28 17:24:00,4280,11.66444967,11.65754748,11.67392742,11.72751501
           2020-09-28 17:34:00,4290,11.55680823,11.54990604,11.56576955,11.60483426
           2020-09-28 17:44:00,4300,11.45132506,11.44442287,11.45038951,11.4776465
           2020-09-28 17:54:00,4310,11.34062898,11.33372679,11.33665469,11.35285123
           2020-09-28 18:04:00,4320,11.24923256,11.24233037,11.22883039,11.2361917
           2020-09-28 18:14:00,4330,11.15668483,11.14978264,11.12896479,11.12681264
           2020-09-28 18:24:00,4340,11.06695579,11.0600536,11.0349257,11.02448943
           2020-09-28 18:34:00,4350,10.97460451,10.96770232,10.9456827,10.92865153
           2020-09-28 18:44:00,4360,10.87185057,10.86494838,10.85927121,10.83860785
           2020-09-28 18:54:00,4370,10.77135366,10.76445147,10.77238688,10.75336073
           2020-09-28 19:04:00,4380,10.65581015,10.64890796,10.68477706,10.67136541
           2020-09-28 19:14:00,4390,10.5209631,10.51406091,10.59284175,10.59123473
           2020-09-28 19:24:00,4400,10.39135617,10.38445398,10.49260647,10.51107286
           2020-09-28 19:34:00,4410,10.25642492,10.24952273,10.38580254,10.42847444
           2020-09-28 19:44:00,4420,10.11869588,10.1117937,10.2721845,10.34179443
           2020-09-28 19:54:00,4430,9.981283643,9.974381454,10.15232534,10.24972518
           2020-09-28 20:04:00,4440,9.842159165,9.835256976,10.02761872,10.15145992
           2020-09-28 20:14:00,4450,9.707339019,9.70043683,9.899066781,10.04682254
           2020-09-28 20:24:00,4460,9.575890259,9.56898807,9.768886423,9.936111197
           2020-09-28 20:34:00,4470,9.452169017,9.445266828,9.638886725,9.820263491
           2020-09-28 20:44:00,4480,9.339432373,9.332530185,9.511502045,9.700654337
           2020-09-28 20:54:00,4490,9.232051195,9.225149006,9.389438891,9.579108658
           2020-09-28 21:04:00,4500,9.128400717,9.121498528,9.273735898,9.457833593
           2020-09-28 21:14:00,4510,9.029949759,9.02304757,9.164669941,9.338951762
           2020-09-28 21:24:00,4520,8.943784291,8.936882103,9.062461783,9.224264923
           2020-09-28 21:34:00,4530,8.857088232,8.850186043,8.968489475,9.115202947
           2020-09-28 21:44:00,4540,8.776831238,8.769929049,8.881116873,9.013057139
           2020-09-28 21:54:00,4550,8.699159711,8.692257522,8.800080456,8.918357372
           2020-09-28 22:04:00,4560,8.627052701,8.620150512,8.724237053,8.83123167
           2020-09-28 22:14:00,4570,8.562902031,8.555999842,8.65312591,8.751300801
           2020-09-28 22:24:00,4580,8.501227326,8.494325137,8.586872276,8.67792439
           2020-09-28 22:34:00,4590,8.44526369,8.438361501,8.52455298,8.610421645
           2020-09-28 22:44:00,4600,8.396957949,8.39005576,8.466106557,8.547936767
           2020-09-28 22:54:00,4610,8.348833828,8.341931639,8.412019827,8.489702565
           2020-09-28 23:04:00,4620,8.306586062,8.299683873,8.36131527,8.43520722
           2020-09-28 23:14:00,4630,8.266692183,8.259789994,8.314369301,8.383910292
           2020-09-28 23:24:00,4640,8.229887191,8.222985002,8.270881962,8.335543205
           2020-09-28 23:34:00,4650,8.194408437,8.187506249,8.230776628,8.289948338
           2020-09-28 23:44:00,4660,8.166007476,8.159105287,8.193640757,8.24709889
           2020-09-28 23:54:00,4670,8.13418265,8.127280461,8.160292198,8.206989674
           2020-09-29 00:04:00,4680,8.107391381,8.100489192,8.129295859,8.169855338
           2020-09-29 00:14:00,4690,8.086636307,8.079734119,8.101053959,8.135647692
           2020-09-29 00:24:00,4700,8.064395417,8.057493228,8.076141027,8.104403884
           2020-09-29 00:34:00,4710,8.044673703,8.037771514,8.053513675,8.076253579
           2020-09-29 00:44:00,4720,8.026436818,8.019534629,8.033026971,8.051061145
           2020-09-29 00:54:00,4730,8.009550709,8.00264852,8.01434848,8.028626247
           2020-09-29 01:04:00,4740,7.99785834,7.990956151,7.997174557,8.008657272
           2020-09-29 01:14:00,4750,7.986936909,7.98003472,7.982069889,7.990800063
           2020-09-29 01:24:00,4760,7.975617238,7.968715049,7.968690855,7.974844667
           2020-09-29 01:34:00,4770,7.966744647,7.959842458,7.956518409,7.960548397
           2020-09-29 01:44:00,4780,7.962614499,7.95571231,7.945707343,7.947619397
           2020-09-29 01:54:00,4790,7.956428675,7.949526486,7.936922002,7.93587401
           2020-09-29 02:04:00,4800,7.951897636,7.944995447,7.929391304,7.925342985
           2020-09-29 02:14:00,4810,7.950891862,7.943989673,7.923178005,7.91595646
           2020-09-29 02:24:00,4820,7.94712363,7.940221441,7.918735858,7.907714856
           2020-09-29 02:34:00,4830,7.945506566,7.938604377,7.915173583,7.900752274
           2020-09-29 02:44:00,4840,7.94194964,7.935047452,7.912672979,7.895030587
           2020-09-29 02:54:00,4850,7.94341284,7.936510651,7.910550635,7.890557351
           2020-09-29 03:04:00,4860,7.948593348,7.941691159,7.909621502,7.887189759
           2020-09-29 03:14:00,4870,7.950969847,7.944067658,7.910381321,7.884948416
           2020-09-29 03:24:00,4880,7.954856951,7.947954762,7.911931512,7.883936497
           2020-09-29 03:34:00,4890,7.959451516,7.952549328,7.91433167,7.884042576
           2020-09-29 03:44:00,4900,7.967496236,7.960594047,7.917483817,7.885157563
           2020-09-29 03:54:00,4910,7.972923329,7.96602114,7.921884895,7.887150464
           2020-09-29 04:04:00,4920,7.978527047,7.971624859,7.926751974,7.890004458
           2020-09-29 04:14:00,4930,7.987373001,7.980470812,7.931953059,7.893553187
           2020-09-29 04:24:00,4940,7.992807596,7.985905407,7.93802723,7.89763518
           2020-09-29 04:34:00,4950,8.001559427,7.994657239,7.944111725,7.902241109
           2020-09-29 04:44:00,4960,8.010262417,8.003360228,7.950816649,7.907215448
           2020-09-29 04:54:00,4970,8.015213628,8.008311439,7.958023721,7.912572229
           2020-09-29 05:04:00,4980,8.026948512,8.020046324,7.964855059,7.918328319
           2020-09-29 05:14:00,4990,8.034545786,8.027643597,7.972689994,7.924337262
           2020-09-29 05:24:00,5000,8.04161704,8.034714851,7.980544081,7.93076179
           2020-09-29 05:34:00,5010,8.05015194,8.043249752,7.988243825,7.93755233
           2020-09-29 05:44:00,5020,8.055604933,8.048702745,7.99604671,7.944620849
           2020-09-29 05:54:00,5030,8.063972403,8.057070214,8.003256132,7.951928773
           2020-09-29 06:04:00,5040,8.073437876,8.066535687,8.010485045,7.959284245
           2020-09-29 06:14:00,5050,8.08375447,8.076852281,8.020459478,7.969140951
           2020-09-29 06:24:00,5060,8.112229408,8.105327219,8.043340703,7.992011608
           2020-09-29 06:34:00,5070,8.146663096,8.139760907,8.079523902,8.027127432
           2020-09-29 06:44:00,5080,8.188120678,8.181218489,8.127065632,8.074088194
           2020-09-29 06:54:00,5090,8.233799167,8.226896978,8.184509047,8.132263413
           2020-09-29 07:04:00,5100,8.282000989,8.275098801,8.250030747,8.200869902
           2020-09-29 07:14:00,5110,8.336603902,8.329701713,8.321707156,8.27889374
           2020-09-29 07:24:00,5120,8.391288045,8.384385856,8.398708457,8.365087812
           2020-09-29 07:34:00,5130,8.448632598,8.441730409,8.479125042,8.458227265
           2020-09-29 07:44:00,5140,8.511931337,8.505029148,8.56190759,8.556899435
           2020-09-29 07:54:00,5150,8.579659445,8.572757257,8.646972129,8.659712303
           2020-09-29 08:04:00,5160,8.651319303,8.644417114,8.734122528,8.765510476
           2020-09-29 08:14:00,5170,8.726313276,8.719411087,8.823243911,8.873347037
           2020-09-29 08:24:00,5180,8.808743306,8.801841117,8.914243935,8.98248904
           2020-09-29 08:34:00,5190,8.900171992,8.893269803,9.00799348,9.092402021
           2020-09-29 08:44:00,5200,9.00302395,8.996121762,9.105688498,9.202923514
           2020-09-29 08:54:00,5210,9.114544041,9.107641852,9.208948473,9.314283706
           2020-09-29 09:04:00,5220,9.236866025,9.229963836,9.31864596,9.42713527
           2020-09-29 09:14:00,5230,9.365940322,9.359038133,9.435917695,9.542328239
           2020-09-29 09:24:00,5240,9.503125481,9.496223292,9.560821306,9.660904166
           2020-09-29 09:34:00,5250,9.639409881,9.632507692,9.693514526,9.783809986
           2020-09-29 09:44:00,5260,9.782837929,9.77593574,9.832099744,9.911880469
           2020-09-29 09:54:00,5270,9.930549937,9.923647748,9.976350745,10.04538355
           2020-09-29 10:04:00,5280,10.07795102,10.07104884,10.12538997,10.18438799
           2020-09-29 10:14:00,5290,10.22659283,10.21969064,10.27742206,10.32864199
           2020-09-29 10:24:00,5300,10.36613629,10.3592341,10.43113882,10.47742019
           2020-09-29 10:34:00,5310,10.50592112,10.49901893,10.58328241,10.6296894
           2020-09-29 10:44:00,5320,10.64361991,10.63671772,10.73294629,10.78377095
           2020-09-29 10:54:00,5330,10.77857256,10.77167037,10.87905536,10.93793342
           2020-09-29 11:04:00,5340,10.90799144,10.90108925,11.02074954,11.09042919
           2020-09-29 11:14:00,5350,11.03207663,11.02517444,11.15693315,11.23960473
           2020-09-29 11:24:00,5360,11.15322354,11.14632135,11.28690383,11.38390063
           2020-09-29 11:34:00,5370,11.27090535,11.26400316,11.41076117,11.52196892
           2020-09-29 11:44:00,5380,11.38682129,11.37991911,11.52870227,11.65285131
           2020-09-29 11:54:00,5390,11.49163691,11.48473472,11.64141879,11.77597907
           2020-09-29 12:04:00,5400,11.5979697,11.59106751,11.74770284,11.89123407
           2020-09-29 12:14:00,5410,11.69120855,11.68430636,11.84909169,11.99848792
           2020-09-29 12:24:00,5420,11.77845774,11.77155555,11.94397612,12.09812533
           2020-09-29 12:34:00,5430,11.85761735,11.85071516,12.03229754,12.19029862
           2020-09-29 12:44:00,5440,11.94647141,11.93956923,12.11353087,12.27520741
           2020-09-29 12:54:00,5450,12.05156714,12.04466495,12.19085096,12.35294762
           2020-09-29 13:04:00,5460,12.14366133,12.13675914,12.26851545,12.42424657
           2020-09-29 13:14:00,5470,12.21865834,12.21175615,12.34426656,12.49060843
           2020-09-29 13:24:00,5480,12.27871361,12.27181142,12.41497748,12.55286407
           2020-09-29 13:34:00,5490,12.33920321,12.33230102,12.47809134,12.6110007
           2020-09-29 13:44:00,5500,12.38469067,12.37778848,12.53443695,12.66433095
           2020-09-29 13:54:00,5510,12.42338023,12.41647804,12.58165989,12.71226706
           2020-09-29 14:04:00,5520,12.45047961,12.44357742,12.61940306,12.75369615
           2020-09-29 14:14:00,5530,12.46871123,12.46180904,12.64652058,12.78748634
           2020-09-29 14:24:00,5540,12.48361184,12.47670965,12.66271812,12.81238709
           2020-09-29 14:34:00,5550,12.48789049,12.4809883,12.66908839,12.8272756
           2020-09-29 14:44:00,5560,12.49428761,12.48738542,12.66531933,12.83148945
           2020-09-29 14:54:00,5570,12.48709693,12.48019474,12.6539074,12.824538
           2020-09-29 15:04:00,5580,12.47576639,12.4688642,12.6339856,12.80668723
           2020-09-29 15:14:00,5590,12.45205873,12.44515655,12.60671534,12.7781966
           2020-09-29 15:24:00,5600,12.42155339,12.4146512,12.57142934,12.73970657
           2020-09-29 15:34:00,5610,12.38253305,12.37563086,12.52859375,12.69178415
           2020-09-29 15:44:00,5620,12.34062314,12.33372096,12.47820065,12.63510729
           2020-09-29 15:54:00,5630,12.29648422,12.28958203,12.4213176,12.57030297
           2020-09-29 16:04:00,5640,12.23842372,12.23152154,12.3589762,12.49812338
           2020-09-29 16:14:00,5650,12.17797181,12.17106962,12.28959641,12.41938737
           2020-09-29 16:24:00,5660,12.10802903,12.10112684,12.21401655,12.3343997
           2020-09-29 16:34:00,5670,12.04460431,12.03770212,12.1314941,12.24347284
           2020-09-29 16:44:00,5680,11.9636242,11.95672201,12.04464599,12.14660104
           2020-09-29 16:54:00,5690,11.87480688,11.86790469,11.95089531,12.04419887
           2020-09-29 17:04:00,5700,11.78065226,11.77375007,11.84986786,11.93601905
           2020-09-29 17:14:00,5710,11.68055697,11.67365478,11.74179392,11.82168848
           2020-09-29 17:24:00,5720,11.57308924,11.56618705,11.6268396,11.70088578
           2020-09-29 17:34:00,5730,11.4607532,11.45385101,11.50493854,11.57336707
           2020-09-29 17:44:00,5740,11.34874855,11.34184636,11.37661834,11.43894758
           2020-09-29 17:54:00,5750,11.23024939,11.2233472,11.25333894,11.30748282
           2020-09-29 18:04:00,5760,11.11209842,11.10519623,11.13604237,11.18230407
           2020-09-29 18:14:00,5770,10.99701823,10.99011604,11.0231857,11.06296189
           2020-09-29 18:24:00,5780,10.87066694,10.86376475,10.91406833,10.94894227
           2020-09-29 18:34:00,5790,10.73886468,10.73196249,10.8051796,10.83976688
           2020-09-29 18:44:00,5800,10.60166057,10.59475838,10.69459127,10.73435861
           2020-09-29 18:54:00,5810,10.45618031,10.44927813,10.58069821,10.63138712
           2020-09-29 19:04:00,5820,10.30714616,10.30024398,10.46162589,10.52935167
           2020-09-29 19:14:00,5830,10.15658099,10.1496788,10.33686202,10.42655036
           2020-09-29 19:24:00,5840,10.01121433,10.00431214,10.20661914,10.32140263
           2020-09-29 19:34:00,5850,9.861536635,9.854634446,10.07274538,10.2126234
           2020-09-29 19:44:00,5860,9.715327631,9.708425442,9.935179989,10.09957164
           2020-09-29 19:54:00,5870,9.577689922,9.570787733,9.795610412,9.981825805
           2020-09-29 20:04:00,5880,9.443530657,9.436628469,9.656728943,9.859533123
           2020-09-29 20:14:00,5890,9.315588644,9.308686455,9.519946735,9.733564714
           2020-09-29 20:24:00,5900,9.189860924,9.182958735,9.387014341,9.605163229
           2020-09-29 20:34:00,5910,9.072747181,9.065844992,9.258523787,9.47593175
           2020-09-29 20:44:00,5920,8.965229549,8.95832736,9.136101287,9.347499122
           2020-09-29 20:54:00,5930,8.859983478,8.853081289,9.021182087,9.221658622
           2020-09-29 21:04:00,5940,8.76282542,8.755923231,8.913275517,9.100243999
           2020-09-29 21:14:00,5950,8.676978266,8.670076077,8.812844353,8.984658674
           2020-09-29 21:24:00,5960,8.59281364,8.585911451,8.720745256,8.876050819
           2020-09-29 21:34:00,5970,8.512372109,8.50546992,8.635571415,8.775382191
           2020-09-29 21:44:00,5980,8.441457993,8.434555804,8.556296944,8.682960835
           2020-09-29 21:54:00,5990,8.376468341,8.369566152,8.483122434,8.598579917
           2020-09-29 22:04:00,6000,8.312700199,8.305798011,8.41550522,8.521849962
           2020-09-29 22:14:00,6010,8.25662324,8.249721051,8.352032292,8.452118032
           2020-09-29 22:24:00,6020,8.205091754,8.198189565,8.292855736,8.388376795
           2020-09-29 22:34:00,6030,8.16141839,8.154516201,8.237620566,8.329692902
           2020-09-29 22:44:00,6040,8.113089947,8.106187758,8.186845363,8.275173579
           2020-09-29 22:54:00,6050,8.073074466,8.066172277,8.138556496,8.224210738
           2020-09-29 23:04:00,6060,8.038835911,8.031933722,8.09374297,8.175990499
           2020-09-29 23:14:00,6070,8.003371602,7.996469413,8.052910915,8.130151823
           2020-09-29 23:24:00,6080,7.972297851,7.965395663,8.015134353,8.086664358
           2020-09-29 23:34:00,6090,7.943901487,7.936999299,7.980739586,8.045492632
           2020-09-29 23:44:00,6100,7.916519263,7.909617074,7.94966982,8.006823591
           2020-09-29 23:54:00,6110,7.890988618,7.88408643,7.921493975,7.970927404
           2020-09-30 00:04:00,6120,7.87102839,7.864126201,7.895941332,7.938022569
           2020-09-30 00:14:00,6130,7.855658522,7.848756333,7.87349231,7.908262416
           2020-09-30 00:24:00,6140,7.837123962,7.830221773,7.854352504,7.881853036
           2020-09-30 00:34:00,6150,7.819440451,7.812538262,7.837065363,7.858960204
           2020-09-30 00:44:00,6160,7.806969497,7.800067308,7.821100424,7.839346233
           2020-09-30 00:54:00,6170,7.796096715,7.789194526,7.806905053,7.82258724
           2020-09-30 01:04:00,6180,7.785431223,7.778529034,7.794202298,7.808305762
           2020-09-30 01:14:00,6190,7.777043016,7.770140827,7.782513873,7.796046012
           2020-09-30 01:24:00,6200,7.769746958,7.76284477,7.771907249,7.785273018
           2020-09-30 01:34:00,6210,7.766413693,7.759511504,7.762286055,7.775530656
           2020-09-30 01:44:00,6220,7.76148012,7.754577931,7.754236126,7.76643922
           2020-09-30 01:54:00,6230,7.758529158,7.751626969,7.747204794,7.757861173
           2020-09-30 02:04:00,6240,7.756229605,7.749327416,7.741457662,7.749664466
           2020-09-30 02:14:00,6250,7.75672449,7.749822302,7.736982318,7.741895076
           2020-09-30 02:24:00,6260,7.75931323,7.752411042,7.734205592,7.734697252
           2020-09-30 02:34:00,6270,7.762663198,7.755761009,7.733349136,7.728376131
           2020-09-30 02:44:00,6280,7.767241436,7.760339247,7.734290406,7.723312588
           2020-09-30 02:54:00,6290,7.769434483,7.762532294,7.736951021,7.719848959
           2020-09-30 03:04:00,6300,7.775700132,7.768797943,7.740448639,7.718263236
           2020-09-30 03:14:00,6310,7.78103043,7.774128242,7.745264678,7.718574277
           2020-09-30 03:24:00,6320,7.787156311,7.780254122,7.750788627,7.720822192
           2020-09-30 03:34:00,6330,7.792634295,7.785732106,7.756812348,7.724831872
           2020-09-30 03:44:00,6340,7.799305459,7.792403271,7.762869568,7.730315765
           2020-09-30 03:54:00,6350,7.804160814,7.797258625,7.768960007,7.736845439
           2020-09-30 04:04:00,6360,7.811004155,7.804101967,7.774526667,7.743985978
           2020-09-30 04:14:00,6370,7.819103183,7.812200994,7.779921223,7.751214835
           2020-09-30 04:24:00,6380,7.827525169,7.82062298,7.785399627,7.758152652
           2020-09-30 04:34:00,6390,7.842647612,7.835745423,7.791070241,7.764566083
           2020-09-30 04:44:00,6400,7.852992516,7.846090327,7.798401517,7.770350092
           2020-09-30 04:54:00,6410,7.863188858,7.856286669,7.806379118,7.775812681
           2020-09-30 05:04:00,6420,7.872431987,7.865529798,7.814994237,7.78112532
           2020-09-30 05:14:00,6430,7.879921202,7.873019013,7.824038928,7.786522758
           2020-09-30 05:24:00,6440,7.891289344,7.884387155,7.833112997,7.792232076
           2020-09-30 05:34:00,6450,7.898241116,7.891338927,7.842976183,7.798403391
           2020-09-30 05:44:00,6460,7.90817444,7.901272251,7.852571278,7.805326405
           2020-09-30 05:54:00,6470,7.921744732,7.914842543,7.862417633,7.813015187
           2020-09-30 06:04:00,6480,7.934498061,7.927595872,7.87311804,7.821533033
           2020-09-30 06:14:00,6490,7.945954681,7.939052492,7.88501124,7.831714747
           2020-09-30 06:24:00,6500,7.971184354,7.964282165,7.909884803,7.855914722
           2020-09-30 06:34:00,6510,8.005740266,7.998838077,7.947029323,7.893184709
           2020-09-30 06:44:00,6520,8.045399741,8.038497552,7.99513415,7.942678439
           2020-09-30 06:54:00,6530,8.095339309,8.08843712,8.052295397,8.003445334
           2020-09-30 07:04:00,6540,8.144180206,8.137278017,8.117995311,8.074299319
           2020-09-30 07:14:00,6550,8.202602695,8.195700506,8.18956639,8.154138493
           2020-09-30 07:24:00,6560,8.257015375,8.250113187,8.26693555,8.241519937
           2020-09-30 07:34:00,6570,8.318556977,8.311654788,8.347410607,8.335252769
           2020-09-30 07:44:00,6580,8.381653923,8.374751734,8.43100232,8.433863338
           2020-09-30 07:54:00,6590,8.449476922,8.442574733,8.516764884,8.536195286
           2020-09-30 08:04:00,6600,8.521214505,8.514312316,8.604652678,8.641198441
           2020-09-30 08:14:00,6610,8.599170213,8.592268024,8.694600983,8.748103982
           2020-09-30 08:24:00,6620,8.683995664,8.677093475,8.787134285,8.856383774
           2020-09-30 08:34:00,6630,8.779710447,8.772808258,8.882937557,8.965826892
           2020-09-30 08:44:00,6640,8.883688034,8.876785845,8.98349566,9.076512327
           2020-09-30 08:54:00,6650,8.996918303,8.990016114,9.089602826,9.188909649
           2020-09-30 09:04:00,6660,9.123441151,9.116538962,9.202112649,9.303658621
           2020-09-30 09:14:00,6670,9.252535137,9.245632948,9.32253627,9.421519479
           2020-09-30 09:24:00,6680,9.393722383,9.386820194,9.449901582,9.543456325
           2020-09-30 09:34:00,6690,9.532155676,9.525253487,9.585131856,9.670069087
           2020-09-30 09:44:00,6700,9.679082131,9.672179943,9.725872472,9.801987399
           2020-09-30 09:54:00,6710,9.824223647,9.817321458,9.872181887,9.939177977
           2020-09-30 10:04:00,6720,9.975570695,9.968668507,10.02195292,10.08149984
           2020-09-30 10:14:00,6730,10.12546073,10.11855855,10.17491341,10.22828755
           2020-09-30 10:24:00,6740,10.27446777,10.26756558,10.32930192,10.37880714
           2020-09-30 10:34:00,6750,10.41547124,10.40856905,10.48372246,10.53199836
           2020-09-30 10:44:00,6760,10.55270938,10.54580719,10.63556464,10.68662206
           2020-09-30 10:54:00,6770,10.68944421,10.68254202,10.783493,10.84106915
           2020-09-30 11:04:00,6780,10.82642744,10.81952525,10.92719408,10.99369829
           2020-09-30 11:14:00,6790,10.95925647,10.95235428,11.06678485,11.14309357
           2020-09-30 11:24:00,6800,11.08488891,11.07798672,11.20168138,11.28816931
           2020-09-30 11:34:00,6810,11.20663913,11.19973694,11.33089215,11.42801534
           2020-09-30 11:44:00,6820,11.31735926,11.31045707,11.4543405,11.56179766
           2020-09-30 11:54:00,6830,11.42753938,11.42063719,11.57059959,11.68892981
           2020-09-30 12:04:00,6840,11.53534112,11.52843893,11.68063051,11.80875368
           2020-09-30 12:14:00,6850,11.63427542,11.62737323,11.78503104,11.9210155
           2020-09-30 12:24:00,6860,11.73699634,11.73009415,11.88304726,12.02573529
           2020-09-30 12:34:00,6870,11.82375628,11.81685409,11.97661938,12.12287498
           2020-09-30 12:44:00,6880,11.90991425,11.90301206,12.06343236,12.21287142
           2020-09-30 12:54:00,6890,11.98096561,11.97406342,12.14449364,12.29568916
           2020-09-30 13:04:00,6900,12.04845567,12.04155348,12.21771221,12.37151832
           2020-09-30 13:14:00,6910,12.11587,12.10896781,12.28354021,12.44009946
           2020-09-30 13:24:00,6920,12.17672271,12.16982052,12.34315053,12.50127581
           2020-09-30 13:34:00,6930,12.22876706,12.22186487,12.39630352,12.55513826
           2020-09-30 13:44:00,6940,12.270314,12.26341181,12.44231404,12.60171674
           2020-09-30 13:54:00,6950,12.31711874,12.31021655,12.48020862,12.64089237
           2020-09-30 14:04:00,6960,12.34553117,12.33862898,12.51239264,12.67235089
           2020-09-30 14:14:00,6970,12.3736732,12.36677101,12.53621769,12.69630543
           2020-09-30 14:24:00,6980,12.39760222,12.39070003,12.55300815,12.71241392
           2020-09-30 14:34:00,6990,12.40785224,12.40095006,12.56321905,12.72064563
           2020-09-30 14:44:00,7000,12.41362738,12.40672519,12.56532646,12.72108464
           2020-09-30 14:54:00,7010,12.41254521,12.40564302,12.55985007,12.7135112
           2020-09-30 15:04:00,7020,12.40019809,12.39329591,12.54681631,12.6978493
           2020-09-30 15:14:00,7030,12.37956433,12.37266214,12.52536378,12.67405866
           2020-09-30 15:24:00,7040,12.35262126,12.34571907,12.49534488,12.64195049
           2020-09-30 15:34:00,7050,12.32917378,12.32227159,12.45707849,12.60134982
           2020-09-30 15:44:00,7060,12.29368997,12.28678778,12.41293955,12.55219674
           2020-09-30 15:54:00,7070,12.25139205,12.24448986,12.36191479,12.49496887
           2020-09-30 16:04:00,7080,12.20005501,12.19315282,12.30411897,12.42993433
           2020-09-30 16:14:00,7090,12.14947727,12.14257508,12.23917226,12.3573874
           2020-09-30 16:24:00,7100,12.08345566,12.07655347,12.16873441,12.27753092
           2020-09-30 16:34:00,7110,12.00669219,11.99979,12.09094882,12.19089385
           2020-09-30 16:44:00,7120,11.9300635,11.92316131,12.0050316,12.09756341
           2020-09-30 16:54:00,7130,11.84731797,11.84041578,11.91252005,11.9974257
           2020-09-30 17:04:00,7140,11.75560279,11.7487006,11.81355893,11.89065942
           2020-09-30 17:14:00,7150,11.65447736,11.64757517,11.70768997,11.77742696
           2020-09-30 17:24:00,7160,11.54568338,11.53878119,11.59440258,11.65775025
           2020-09-30 17:34:00,7170,11.42241359,11.4155114,11.47360915,11.53151368
           2020-09-30 17:44:00,7180,11.29585146,11.28894927,11.34385455,11.3985713
           2020-09-30 17:54:00,7190,11.17178609,11.1648839,11.21865808,11.27096458
