datetime,time_min,Loc_864m,Loc_1728m,Loc_2592m,Loc_3456m,Loc_4320m
           2020-09-25 18:04:00,0,6.376981993,6.064507442,5.778764401,5.516544353,5.275127782
           2020-09-25 18:14:00,10,6.460325069,6.144785045,5.85649688,5.592159086,5.348977923
           2020-09-25 18:24:00,20,6.513969354,6.205375732,5.913735048,5.646546736,5.40093281
           2020-09-25 18:34:00,30,6.551990409,6.256227724,5.96222783,5.691784393,5.443371438
           2020-09-25 18:44:00,40,6.580388819,6.300958706,6.006517939,5.73272728,5.481260579
           2020-09-25 18:54:00,50,6.602145809,6.34103462,6.048551365,5.771673378,5.516982018
           2020-09-25 19:04:00,60,6.618796924,6.377029441,6.089100831,5.809763177,5.551773988
           2020-09-25 19:14:00,70,6.631082508,6.409115752,6.128350323,5.847536884,5.586302254
           2020-09-25 19:24:00,80,6.639300041,6.437279476,6.166175109,5.885192905,5.620921449
           2020-09-25 19:34:00,90,6.643637198,6.461422262,6.202288611,5.922719886,5.655804046
           2020-09-25 19:44:00,100,6.644289326,6.481430568,6.23632432,5.95996928,5.6910063
           2020-09-25 19:54:00,110,6.641564902,6.497219543,6.267886084,5.996698227,5.726502355
           2020-09-25 20:04:00,120,6.636186977,6.50876841,6.296581955,6.032597492,5.76220199
           2020-09-25 20:14:00,130,6.629353322,6.516182572,6.322049988,6.06731208,5.79796017
           2020-09-25 20:24:00,140,6.6224722,6.519754207,6.343984512,6.100458616,5.833582934
           2020-09-25 20:34:00,150,6.616181977,6.519980606,6.362165095,6.131642268,5.868832168
           2020-09-25 20:44:00,160,6.61012096,6.51744792,6.376483744,6.160474908,5.903430815
           2020-09-25 20:54:00,170,6.603201176,6.512685244,6.386953109,6.186594883,5.937069526
           2020-09-25 21:04:00,180,6.59462646,6.506058801,6.393692649,6.20968603,5.969415315
           2020-09-25 21:14:00,190,6.58414301,6.497805493,6.39689911,6.229493068,6.000122241
           2020-09-25 21:24:00,200,6.571920612,6.488100921,6.396820743,6.245831317,6.028843564
           2020-09-25 21:34:00,210,6.558097462,6.4771117,6.393740275,6.258591342,6.055244494
           2020-09-25 21:44:00,220,6.542672035,6.464987513,6.387964787,6.267739837,6.079014708
           2020-09-25 21:54:00,230,6.525563832,6.451840389,6.379814683,6.273317798,6.099879995
           2020-09-25 22:04:00,240,6.506832604,6.437734032,6.369610441,6.275436075,6.117612521
           2020-09-25 22:14:00,250,6.486731291,6.422703954,6.357658835,6.274268215,6.132039319
           2020-09-25 22:24:00,260,6.465650772,6.406785326,6.34424302,6.270040824,6.143048562
           2020-09-25 22:34:00,270,6.443909638,6.390033594,6.329617641,6.263022268,6.150593337
           2020-09-25 22:44:00,280,6.421703896,6.372517145,6.314007995,6.253510697,6.154692747
           2020-09-25 22:54:00,290,6.399116034,6.354303772,6.297609505,6.241822223,6.155430376
           2020-09-25 23:04:00,300,6.376142147,6.335448934,6.280586668,6.228279581,6.15295032
           2020-09-25 23:14:00,310,6.352701814,6.315988131,6.263071696,6.213201425,6.147451043
           2020-09-25 23:24:00,320,6.328670993,6.295930976,6.245163348,6.196892449,6.139177385
           2020-09-25 23:34:00,330,6.303999437,6.275259922,6.22692607,6.179634513,6.128411096
           2020-09-25 23:44:00,340,6.278738936,6.253944626,6.208389954,6.161678946,6.11546029
           2020-09-25 23:54:00,350,6.25311772,6.231959504,6.189553418,6.143240218,6.100648241
           2020-09-26 00:04:00,360,6.22784082,6.209310214,6.170388792,6.124491351,6.084301962
           2020-09-26 00:14:00,370,6.20414655,6.186098365,6.150851703,6.105561439,6.066741023
           2020-09-26 00:24:00,380,6.183540632,6.162590404,6.130898957,6.086535663,6.04826709
           2020-09-26 00:34:00,390,6.166820948,6.139247079,6.110514907,6.067458779,6.02915466
           2020-09-26 00:44:00,400,6.153846989,6.116620262,6.089740444,6.048342958,6.009643558
           2020-09-26 00:54:00,410,6.143750806,6.095220153,6.068686525,6.029179971,5.989933824
           2020-09-26 01:04:00,420,6.135713758,6.075413689,6.047528441,6.0099553,5.970183509
           2020-09-26 01:14:00,430,6.129163873,6.05742965,6.026485453,5.990661249,5.950509561
           2020-09-26 01:24:00,440,6.123857116,6.041391421,6.005800471,5.971306834,5.930991464
           2020-09-26 01:34:00,450,6.120184925,6.027361222,5.98572372,5.951924305,5.911677023
           2020-09-26 01:44:00,460,6.119235261,6.015425129,5.966502089,5.932572698,5.892589576
           2020-09-26 01:54:00,470,6.122270788,6.005784264,5.948379663,5.91333912,5.873736006
           2020-09-26 02:04:00,480,6.128730415,5.998773802,5.931610084,5.894339228,5.855114992
           2020-09-26 02:14:00,490,6.135788177,5.994615935,5.916470892,5.875718466,5.836725155
           2020-09-26 02:24:00,500,6.139517464,5.993122251,5.903244529,5.857654278,5.818572979
           2020-09-26 02:34:00,510,6.139257522,5.993562628,5.892160472,5.840354892,5.800680444
           2020-09-26 02:44:00,520,6.138617332,5.995121847,5.883322256,5.824049683,5.783091729
           2020-09-26 02:54:00,530,6.144037502,5.997479218,5.876698455,5.808969507,5.76587776
           2020-09-26 03:04:00,540,6.159466591,6.00117829,5.872192538,5.79532606,5.749137224
           2020-09-26 03:14:00,550,6.185078926,6.007272982,5.86976111,5.783301059,5.732993991
           2020-09-26 03:24:00,560,6.218086076,6.016806261,5.86948225,5.773051661,5.717592359
           2020-09-26 03:34:00,570,6.255743331,6.030408139,5.871552121,5.764725159,5.703092435
           2020-09-26 03:44:00,580,6.296106661,6.048305329,5.876227299,5.758473155,5.689666987
           2020-09-26 03:54:00,590,6.338046855,6.070435215,5.883769164,5.754457949,5.67749977
           2020-09-26 04:04:00,600,6.381275993,6.096562597,5.894404677,5.752851563,5.666784396
           2020-09-26 04:14:00,610,6.426343038,6.126399659,5.908303999,5.753829772,5.657722837
           2020-09-26 04:24:00,620,6.474299432,6.159723539,5.925575238,5.757563579,5.65052305
           2020-09-26 04:34:00,630,6.525428783,6.196446306,5.946275715,5.764210559,5.645395519
           2020-09-26 04:44:00,640,6.578951667,6.236513611,5.970432899,5.773908363,5.642548834
           2020-09-26 04:54:00,650,6.633371708,6.279766222,5.998051832,5.786771664,5.642184759
           2020-09-26 05:04:00,660,6.687753759,6.325851625,6.029104329,5.802890701,5.644493374
           2020-09-26 05:14:00,670,6.742031638,6.374308782,6.063507078,5.822328938,5.649648593
           2020-09-26 05:24:00,680,6.796791357,6.424692451,6.101112009,5.845118377,5.657804032
           2020-09-26 05:34:00,690,6.852462686,6.476665275,6.141713893,5.871254193,5.669088952
           2020-09-26 05:44:00,700,6.909119814,6.529979034,6.18507039,5.900690993,5.68360425
           2020-09-26 05:54:00,710,6.966567848,6.584428451,6.23091925,5.933342256,5.701418697
           2020-09-26 06:04:00,720,7.024675679,6.639816502,6.278988932,5.969082503,5.722565935
           2020-09-26 06:14:00,730,7.083453801,6.695963778,6.329003977,6.007751004,5.747042372
           2020-09-26 06:24:00,740,7.142964271,6.752727211,6.380691199,6.049156381,5.774806342
           2020-09-26 06:34:00,750,7.202984186,6.81000532,6.433787479,6.093081773,5.805778244
           2020-09-26 06:44:00,760,7.26292977,6.867698629,6.488048175,6.139291556,5.83984254
           2020-09-26 06:54:00,770,7.321969763,6.925659234,6.543247907,6.187537335,5.87684948
           2020-09-26 07:04:00,780,7.379446209,6.983658434,6.599175439,6.237565068,5.916619302
           2020-09-26 07:14:00,790,7.434975244,7.041408967,6.65562108,6.28911819,5.958944663
           2020-09-26 07:24:00,800,7.488371443,7.098610802,6.712377021,6.341948585,6.003603496
           2020-09-26 07:34:00,810,7.539312993,7.154965722,6.769223058,6.39580641,6.050352454
           2020-09-26 07:44:00,820,7.587275658,7.210168163,6.825935295,6.450448594,6.098939747
           2020-09-26 07:54:00,830,7.631470196,7.263837051,6.8822426,6.505597041,6.149067688
           2020-09-26 08:04:00,840,7.670800576,7.315545098,6.937878671,6.560995189,6.200453708
           2020-09-26 08:14:00,850,7.703848123,7.364776899,6.992571018,6.616403874,6.252831061
           2020-09-26 08:24:00,860,7.72917724,7.410882334,7.046020019,6.67159059,6.30594347
           2020-09-26 08:34:00,870,7.746519043,7.453078976,7.097878448,6.726321701,6.359543591
           2020-09-26 08:44:00,880,7.757031248,7.49061196,7.147731788,6.780351302,6.413389218
           2020-09-26 08:54:00,890,7.762737747,7.522947653,7.195104793,6.833411526,6.46724131
           2020-09-26 09:04:00,900,7.76445134,7.549887505,7.239496174,6.885206031,6.52086223
           2020-09-26 09:14:00,910,7.761280085,7.571398982,7.280426874,6.935407594,6.574011823
           2020-09-26 09:24:00,920,7.751327463,7.587382337,7.317464059,6.983662078,6.626442575
           2020-09-26 09:34:00,930,7.734357427,7.597536135,7.35021334,7.029596157,6.677895606
           2020-09-26 09:44:00,940,7.71240671,7.601580599,7.378292921,7.072824282,6.72809797
           2020-09-26 09:54:00,950,7.689002915,7.599555818,7.401337497,7.112952217,6.776761023
           2020-09-26 10:04:00,960,7.666290761,7.592005304,7.419041,7.149581136,6.823579482
           2020-09-26 10:14:00,970,7.644337928,7.579768894,7.431221622,7.182317352,6.868231344
           2020-09-26 10:24:00,980,7.621599235,7.563685324,7.43785611,7.210790349,6.910379418
           2020-09-26 10:34:00,990,7.596649592,7.54436337,7.439071719,7.234674538,6.949675485
           2020-09-26 10:44:00,1000,7.568617358,7.522190756,7.435106028,7.253708775,6.985767485
           2020-09-26 10:54:00,1010,7.537232686,7.49740341,7.426267381,7.267709147,7.018309248
           2020-09-26 11:04:00,1020,7.503013511,7.470162367,7.412904511,7.276575109,7.046971683
           2020-09-26 11:14:00,1030,7.467294074,7.440655657,7.395386649,7.280290241,7.071454325
           2020-09-26 11:24:00,1040,7.4318771,7.409202527,7.374097614,7.278919157,7.091496352
           2020-09-26 11:34:00,1050,7.397735319,7.376308798,7.349444126,7.272602592,7.106886397
           2020-09-26 11:44:00,1060,7.364707155,7.342547951,7.321871575,7.261552699,7.117470794
           2020-09-26 11:54:00,1070,7.331822159,7.308404992,7.291863979,7.246049727,7.123160201
           2020-09-26 12:04:00,1080,7.29850356,7.27416899,7.259923672,7.226438064,7.12393473
           2020-09-26 12:14:00,1090,7.264862892,7.239990418,7.226537967,7.203119174,7.119847502
           2020-09-26 12:24:00,1100,7.231427951,7.205978442,7.192155357,7.176539984,7.111026214
           2020-09-26 12:34:00,1110,7.198089971,7.172261108,7.157176601,7.147178347,7.097672222
           2020-09-26 12:44:00,1120,7.163865867,7.138905174,7.121955568,7.115527921,7.08005687
           2020-09-26 12:54:00,1130,7.127246883,7.105807582,7.086790988,7.082084052,7.058515195
           2020-09-26 13:04:00,1140,7.087476206,7.072637865,7.05190563,7.047329701,7.033437365
           2020-09-26 13:14:00,1150,7.04485385,7.038953619,7.017420107,7.011719985,7.005258123
           2020-09-26 13:24:00,1160,7.000463613,7.00435459,6.983344515,6.975664889,6.974444345
           2020-09-26 13:34:00,1170,6.955155531,6.968596,6.949592515,6.939512786,6.941480753
           2020-09-26 13:44:00,1180,6.909294412,6.93156203,6.916011599,6.903537864,6.906854228
           2020-09-26 13:54:00,1190,6.862902496,6.893204268,6.882410076,6.867933648,6.871037534
           2020-09-26 14:04:00,1200,6.816214195,6.853498586,6.848575704,6.832811997,6.834473559
           2020-09-26 14:14:00,1210,6.769802034,6.812474943,6.814288138,6.79820625,6.797560994
           2020-09-26 14:24:00,1220,6.72445111,6.770261271,6.779334629,6.764077418,6.760642193
           2020-09-26 14:34:00,1230,6.680712689,6.727107467,6.743530366,6.730323517,6.723993658
           2020-09-26 14:44:00,1240,6.638793401,6.68334735,6.706740324,6.696792287,6.687819616
           2020-09-26 14:54:00,1250,6.598556144,6.639345137,6.668893995,6.663297056,6.652249026
           2020-09-26 15:04:00,1260,6.559517967,6.595442378,6.629990902,6.629634338,6.617336308
           2020-09-26 15:14:00,1270,6.520861236,6.55190582,6.590097073,6.595601495,6.583065776
           2020-09-26 15:24:00,1280,6.481668185,6.508878825,6.549332918,6.561012884,6.549359477
           2020-09-26 15:34:00,1290,6.441799308,6.466366678,6.507853392,6.52571305,6.516087904
           2020-09-26 15:44:00,1300,6.40209428,6.424340517,6.465825526,6.489585735,6.483082786
           2020-09-26 15:54:00,1310,6.363970531,6.382866288,6.423419483,6.452558289,6.450151032
           2020-09-26 16:04:00,1320,6.32791307,6.342176979,6.38081645,6.414603287,6.417088827
           2020-09-26 16:14:00,1330,6.293123409,6.302541978,6.338225554,6.375739668,6.383695185
           2020-09-26 16:24:00,1340,6.257897302,6.264093367,6.295882732,6.336034628,6.349784599
           2020-09-26 16:34:00,1350,6.221009862,6.226708571,6.254026492,6.295603956,6.315198646
           2020-09-26 16:44:00,1360,6.182056354,6.190082694,6.21285902,6.25460791,6.279816142
           2020-09-26 16:54:00,1370,6.141303493,6.153846902,6.17251868,6.213241012,6.243561143
           2020-09-26 17:04:00,1380,6.099124522,6.117665634,6.133070154,6.171717719,6.206407929
           2020-09-26 17:14:00,1390,6.055857034,6.081256794,6.094509224,6.130256747,6.168382495
           2020-09-26 17:24:00,1400,6.011768606,6.044392234,6.056771628,6.089066388,6.12956049
           2020-09-26 17:34:00,1410,5.966928234,6.006892979,6.019743205,6.048331708,6.090061985
           2020-09-26 17:44:00,1420,5.921177054,5.968606658,5.98327041,6.008204033,6.050043579
           2020-09-26 17:54:00,1430,5.874200749,5.929380815,5.947168611,5.968793006,6.009688459
           2020-09-26 18:04:00,1440,5.825803567,5.88904587,5.911227452,5.930161035,5.969195127
           2020-09-26 18:14:00,1450,5.775972265,5.847434296,5.875214398,5.89231981,5.928765424
           2020-09-26 18:24:00,1460,5.724925478,5.804407081,5.838881099,5.855228668,5.888592477
           2020-09-26 18:34:00,1470,5.673328283,5.75988507,5.801973227,5.818795127,5.848849124
           2020-09-26 18:44:00,1480,5.622326587,5.713906538,5.764244074,5.782877923,5.809677366
           2020-09-26 18:54:00,1490,5.573225305,5.666685861,5.725474973,5.74729286,5.77117938
           2020-09-26 19:04:00,1500,5.526293372,5.618625446,5.685502162,5.71182212,5.733410638
           2020-09-26 19:14:00,1510,5.480490029,5.570166515,5.644243318,5.676227529,5.696375637
           2020-09-26 19:24:00,1520,5.433936816,5.521606464,5.601702054,5.640267354,5.660026773
           2020-09-26 19:34:00,1530,5.38567882,5.47298462,5.557946414,5.603713232,5.624266717
           2020-09-26 19:44:00,1540,5.3361039,5.424206908,5.513071296,5.566363459,5.588954135
           2020-09-26 19:54:00,1550,5.286559372,5.375224832,5.467177309,5.528050271,5.553912015
           2020-09-26 20:04:00,1560,5.237922385,5.326159408,5.420373205,5.48864325,5.518937514
           2020-09-26 20:14:00,1570,5.190254961,5.277231575,5.372794142,5.448051923,5.483812521
           2020-09-26 20:24:00,1580,5.143003315,5.228648113,5.32460974,5.406229584,5.448314518
           2020-09-26 20:34:00,1590,5.095736413,5.180517376,5.276016349,5.363176904,5.412227621
           2020-09-26 20:44:00,1600,5.04832871,5.132866462,5.227218096,5.31894322,5.375353477
           2020-09-26 20:54:00,1610,5.000834099,5.085683638,5.178410761,5.273624118,5.337521464
           2020-09-26 21:04:00,1620,4.952993329,5.038944127,5.129772066,5.227355894,5.298597482
           2020-09-26 21:14:00,1630,4.904124878,4.992570857,5.081456275,5.180307984,5.258490778
           2020-09-26 21:24:00,1640,4.853310066,4.946382869,5.033584536,5.132674217,5.217158452
           2020-09-26 21:34:00,1650,4.800069367,4.900071096,4.986229666,5.084662602,5.174607481
           2020-09-26 21:44:00,1660,4.744523163,4.853265987,4.939399328,5.036483217,5.130894129
           2020-09-26 21:54:00,1670,4.687184373,4.805625568,4.893030013,4.988334345,5.086120617
           2020-09-26 22:04:00,1680,4.628174116,4.756893563,4.84699431,4.940388624,5.040429016
           2020-09-26 22:14:00,1690,4.56703664,4.706851101,4.801117024,4.892781266,4.993992628
           2020-09-26 22:24:00,1700,4.503017809,4.655244262,4.755185568,4.845601689,4.947005415
           2020-09-26 22:34:00,1710,4.43612325,4.60175006,4.708951311,4.798887912,4.899670258
           2020-09-26 22:44:00,1720,4.367357541,4.546083367,4.662127028,4.752622528,4.852186727
           2020-09-26 22:54:00,1730,4.298370781,4.488131649,4.614399048,4.706729767,4.80473888
           2020-09-26 23:04:00,1740,4.230164757,4.428036858,4.565457098,4.661075536,4.75748351
           2020-09-26 23:14:00,1750,4.162779096,4.366100356,4.515033923,4.615472661,4.710539485
           2020-09-26 23:24:00,1760,4.09556823,4.302646008,4.462930392,4.569692285,4.663979052
           2020-09-26 23:34:00,1770,4.028255647,4.237922259,4.409020499,4.523479127,4.617822043
           2020-09-26 23:44:00,1780,3.961183908,4.172146431,4.35324173,4.476567479,4.572033495
           2020-09-26 23:54:00,1790,3.895162404,4.105581076,4.295590015,4.428695659,4.526524739
           2020-09-27 00:04:00,1800,3.830918279,4.038587785,4.236123453,4.379619215,4.481157591
           2020-09-27 00:14:00,1810,3.768958547,3.971606095,4.174971598,4.329123759,4.435751271
           2020-09-27 00:24:00,1820,3.70959538,3.905114132,4.112340248,4.277037893,4.390091751
           2020-09-27 00:34:00,1830,3.653047972,3.839593592,4.048509494,4.223245361,4.343943231
           2020-09-27 00:44:00,1840,3.59946981,3.775509647,3.983825926,4.167695329,4.297061299
           2020-09-27 00:54:00,1850,3.548936552,3.713295921,3.918691384,4.110409927,4.249207193
           2020-09-27 01:04:00,1860,3.501388518,3.653339508,3.853549314,4.051488549,4.200162432
           2020-09-27 01:14:00,1870,3.4566244,3.595960299,3.788869147,3.991108674,4.149743077
           2020-09-27 01:24:00,1880,3.414302693,3.54139182,3.72512839,3.929523113,4.097812874
           2020-09-27 01:34:00,1890,3.373913825,3.489764778,3.662793068,3.867053589,4.044294578
           2020-09-27 01:44:00,1900,3.334786212,3.441089513,3.60229732,3.804080771,3.98917883
           2020-09-27 01:54:00,1910,3.296259707,3.395241986,3.544022403,3.741031012,3.932530026
           2020-09-27 02:04:00,1920,3.258320406,3.35197536,3.488275941,3.678360134,3.874488779
           2020-09-27 02:14:00,1930,3.221745,3.311017273,3.435275094,3.616534764,3.815270676
           2020-09-27 02:24:00,1940,3.187856404,3.2721844,3.385145103,3.556012191,3.755161195
           2020-09-27 02:34:00,1950,3.157619508,3.235460844,3.337935101,3.497221243,3.69450688
           2020-09-27 02:44:00,1960,3.131420021,3.200952735,3.293645695,3.440546806,3.63370324
           2020-09-27 02:54:00,1970,3.109060549,3.168812712,3.252251177,3.386319769,3.573180251
           2020-09-27 03:04:00,1980,3.089723921,3.139164436,3.213712081,3.33481173,3.5133866
           2020-09-27 03:14:00,1990,3.07198405,3.112023581,3.177977941,3.286233173,3.454773682
           2020-09-27 03:24:00,2000,3.05415776,3.087222635,3.14497978,3.240733728,3.397780202
           2020-09-27 03:34:00,2010,3.035613145,3.064385459,3.114612947,3.198403047,3.342817968
           2020-09-27 03:44:00,2020,3.017071337,3.043077325,3.086717149,3.159270869,3.290259221
           2020-09-27 03:54:00,2030,3.000078651,3.022991192,3.061077011,3.123305789,3.240425617
           2020-09-27 04:04:00,2040,2.985024878,3.004057419,3.037447328,3.090415319,3.19357882
           2020-09-27 04:14:00,2050,2.97067934,2.986285131,3.015591847,3.06045028,3.149912963
           2020-09-27 04:24:00,2060,2.954784892,2.969544487,2.995299195,3.033214969,3.109549573
           2020-09-27 04:34:00,2070,2.936278549,2.953433812,2.976368441,3.008479603,3.072535632
           2020-09-27 04:44:00,2080,2.915814774,2.937446412,2.958576386,2.985990624,3.038844922
           2020-09-27 04:54:00,2090,2.895300774,2.921203332,2.941667038,2.965476205,3.008382134
           2020-09-27 05:04:00,2100,2.876190186,2.904617219,2.925371623,2.946649763,2.980988793
           2020-09-27 05:14:00,2110,2.859061389,2.887822845,2.909449088,2.929215399,2.956450453
           2020-09-27 05:24:00,2120,2.843706919,2.871050813,2.893715358,2.912877756,2.934505084
           2020-09-27 05:34:00,2130,2.829466185,2.854514883,2.878053848,2.897354523,2.914852896
           2020-09-27 05:44:00,2140,2.815320265,2.838346227,2.862409479,2.882388856,2.897167613
           2020-09-27 05:54:00,2150,2.800156236,2.822542914,2.846772999,2.867759398,2.881108816
           2020-09-27 06:04:00,2160,2.78376195,2.806957531,2.831158171,2.853286598,2.866334725
           2020-09-27 06:14:00,2170,2.767051648,2.79141895,2.815577484,2.838834472,2.852514619
           2020-09-27 06:24:00,2180,2.751704939,2.775881819,2.800034617,2.824307812,2.839340066
           2020-09-27 06:34:00,2190,2.73883556,2.760523744,2.784537163,2.809647332,2.826534199
           2020-09-27 06:44:00,2200,2.728669018,2.745661875,2.769122176,2.794825691,2.813858681
           2020-09-27 06:54:00,2210,2.720727628,2.731627694,2.753870173,2.779846302,2.801118478
           2020-09-27 07:04:00,2220,2.714518217,2.71866952,2.738902233,2.764743528,2.788164881
           2020-09-27 07:14:00,2230,2.709705183,2.706949641,2.724364343,2.749582122,2.774897036
           2020-09-27 07:24:00,2240,2.706162602,2.696565712,2.710412,2.734454431,2.761262024
           2020-09-27 07:34:00,2250,2.704174462,2.687579734,2.69719857,2.719475708,2.747253485
           2020-09-27 07:44:00,2260,2.704474074,2.680073723,2.684868479,2.704778329,2.73290883
           2020-09-27 07:54:00,2270,2.707952639,2.674205177,2.673554485,2.690501492,2.71830089
           2020-09-27 08:04:00,2280,2.714551623,2.670210364,2.663371418,2.676769788,2.703516368
           2020-09-27 08:14:00,2290,2.723017138,2.668274148,2.654425143,2.663686308,2.688645951
           2020-09-27 08:24:00,2300,2.731361679,2.668445536,2.646878923,2.651402415,2.67384837
           2020-09-27 08:34:00,2310,2.738224945,2.670490113,2.640878721,2.640066847,2.659293914
           2020-09-27 08:44:00,2320,2.743229408,2.673994264,2.636526021,2.62983167,2.64516786
           2020-09-27 08:54:00,2330,2.746776738,2.678491727,2.633841501,2.620830791,2.631650852
           2020-09-27 09:04:00,2340,2.749349276,2.683585563,2.632772186,2.613179773,2.618922592
           2020-09-27 09:14:00,2350,2.751328523,2.688960931,2.633202552,2.606964365,2.607153326
           2020-09-27 09:24:00,2360,2.752993284,2.694375791,2.634971207,2.602234959,2.596498435
           2020-09-27 09:34:00,2370,2.754517532,2.699648572,2.637884635,2.599002316,2.587091633
           2020-09-27 09:44:00,2380,2.755969332,2.704646388,2.641730946,2.597237615,2.579040557
           2020-09-27 09:54:00,2390,2.757283195,2.709271302,2.64629076,2.596873908,2.572422497
           2020-09-27 10:04:00,2400,2.758156418,2.713442528,2.651346011,2.597809623,2.567281582
           2020-09-27 10:14:00,2410,2.758029239,2.717064485,2.656685644,2.59991326,2.563627196
           2020-09-27 10:24:00,2420,2.756199141,2.719992845,2.662106562,2.603028971,2.561433893
           2020-09-27 10:34:00,2430,2.752246692,2.722016677,2.667409433,2.606982012,2.560642558
           2020-09-27 10:44:00,2440,2.746135325,2.722897888,2.672391771,2.611583349,2.5611627
           2020-09-27 10:54:00,2450,2.738152723,2.722423005,2.676845991,2.61663296,2.562875559
           2020-09-27 11:04:00,2460,2.728707419,2.720445523,2.680564034,2.621922455,2.565637678
           2020-09-27 11:14:00,2470,2.718271112,2.716899418,2.683347126,2.62723785,2.569284691
           2020-09-27 11:24:00,2480,2.707307535,2.711803673,2.685016683,2.632363153,2.573635204
           2020-09-27 11:34:00,2490,2.696019103,2.705256211,2.685425044,2.637084858,2.578494755
           2020-09-27 11:44:00,2500,2.684287232,2.697393481,2.684464573,2.6411973,2.583659878
           2020-09-27 11:54:00,2510,2.671776549,2.68834272,2.682070564,2.644508599,2.588922316
           2020-09-27 12:04:00,2520,2.658330322,2.678189361,2.678217134,2.646846351,2.594073388
           2020-09-27 12:14:00,2530,2.644064089,2.666998242,2.672908387,2.648062136,2.59890845
           2020-09-27 12:24:00,2540,2.629423445,2.654847187,2.666172248,2.648034235,2.60323127
           2020-09-27 12:34:00,2550,2.615434524,2.641867595,2.658058653,2.646669007,2.606858079
           2020-09-27 12:44:00,2560,2.603743925,2.628316916,2.648643004,2.643901562,2.609621137
           2020-09-27 12:54:00,2570,2.596175155,2.614653504,2.638039004,2.639696506,2.611371782
           2020-09-27 13:04:00,2580,2.593065929,2.601548921,2.626420827,2.634050043,2.611983
           2020-09-27 13:14:00,2590,2.592892746,2.589677796,2.614045909,2.626994665,2.61135178
           2020-09-27 13:24:00,2600,2.592879387,2.579463533,2.601248676,2.618606448,2.60940164
           2020-09-27 13:34:00,2610,2.591234599,2.570914189,2.58840017,2.609010995,2.606085725
           2020-09-27 13:44:00,2620,2.587696276,2.563763893,2.57584687,2.598383515,2.601390303
           2020-09-27 13:54:00,2630,2.58316237,2.557686698,2.563870382,2.586940462,2.595337917
           2020-09-27 14:04:00,2640,2.57829586,2.552457809,2.552677618,2.574925838,2.587989093
           2020-09-27 14:14:00,2650,2.573186654,2.547925756,2.542413908,2.562596506,2.579441963
           2020-09-27 14:24:00,2660,2.567499794,2.543940079,2.533173365,2.550209774,2.569829768
           2020-09-27 14:34:00,2670,2.56102192,2.540300497,2.525000563,2.538013027,2.559316664
           2020-09-27 14:44:00,2680,2.553793871,2.536780104,2.517886518,2.526234334,2.5480922
           2020-09-27 14:54:00,2690,2.54615832,2.53316558,2.511768895,2.515073398,2.536364742
           2020-09-27 15:04:00,2700,2.538965414,2.529302202,2.506538469,2.504693503,2.524353983
           2020-09-27 15:14:00,2710,2.533603292,2.525163805,2.502052178,2.495215356,2.512282804
           2020-09-27 15:24:00,2720,2.531664901,2.520922976,2.498155607,2.486713692,2.500368852
           2020-09-27 15:34:00,2730,2.53371561,2.516972466,2.494714348,2.479217833,2.4888163
           2020-09-27 15:44:00,2740,2.539007909,2.51377975,2.491647055,2.472717211,2.477808404
           2020-09-27 15:54:00,2750,2.545888042,2.511705918,2.488937584,2.467171846,2.467501549
           2020-09-27 16:04:00,2760,2.553307172,2.510883522,2.486621761,2.462524668,2.458021474
           2020-09-27 16:14:00,2770,2.561186516,2.511299688,2.484757291,2.458712078,2.449461863
           2020-09-27 16:24:00,2780,2.570206722,2.512927052,2.483404688,2.455670331,2.441884988
           2020-09-27 16:34:00,2790,2.581026949,2.515823841,2.482625498,2.453339147,2.435323757
           2020-09-27 16:44:00,2800,2.594090228,2.520127335,2.482493363,2.45166479,2.429784684
           2020-09-27 16:54:00,2810,2.60957198,2.526020994,2.483103442,2.450604214,2.425251592
           2020-09-27 17:04:00,2820,2.62717485,2.533695194,2.484576669,2.45012995,2.421690074
           2020-09-27 17:14:00,2830,2.646092372,2.543281857,2.48705816,2.450234915,2.419052685
           2020-09-27 17:24:00,2840,2.665285202,2.554786794,2.490706537,2.450936324,2.417284696
           2020-09-27 17:34:00,2850,2.684511527,2.568062017,2.495674278,2.452277449,2.41633019
           2020-09-27 17:44:00,2860,2.70456497,2.582917216,2.50208492,2.454326088,2.416138056
           2020-09-27 17:54:00,2870,2.72687204,2.599260791,2.510025945,2.457169467,2.416667356
           2020-09-27 18:04:00,2880,2.751982098,2.617183339,2.519561039,2.460907802,2.417891515
           2020-09-27 18:14:00,2890,2.779213715,2.636837394,2.530753561,2.465649282,2.419801102
           2020-09-27 18:24:00,2900,2.807086923,2.658272766,2.543673753,2.471508008,2.422405404
           2020-09-27 18:34:00,2910,2.834935118,2.68133434,2.558384167,2.478602774,2.425733176
           2020-09-27 18:44:00,2920,2.863286929,2.705778046,2.574912289,2.487053857,2.429832723
           2020-09-27 18:54:00,2930,2.893410657,2.731435526,2.593239846,2.496976282,2.434771081
           2020-09-27 19:04:00,2940,2.925598633,2.758313579,2.613314948,2.508471984,2.440631892
           2020-09-27 19:14:00,2950,2.958767024,2.786462069,2.635077705,2.521624063,2.447511941
           2020-09-27 19:24:00,2960,2.990908967,2.81579148,2.658468037,2.536494975,2.455516739
           2020-09-27 19:34:00,2970,3.020769474,2.84595626,2.6834093,2.553126257,2.464755805
           2020-09-27 19:44:00,2980,3.0482482,2.876465341,2.709777174,2.571536575,2.475337965
           2020-09-27 19:54:00,2990,3.074142865,2.906844646,2.737384514,2.591716209,2.487366548
           2020-09-27 20:04:00,3000,3.099201393,2.936761209,2.765988773,2.61362024,2.500934128
           2020-09-27 20:14:00,3010,3.123883438,2.966016892,2.795316217,2.63716351,2.516116732
           2020-09-27 20:24:00,3020,3.148327633,2.994508708,2.825084921,2.662219557,2.532967886
           2020-09-27 20:34:00,3030,3.172229599,3.022184123,2.855021836,2.688623248,2.551513119
           2020-09-27 20:44:00,3040,3.194821343,3.048980129,2.884873101,2.716176127,2.571745467
           2020-09-27 20:54:00,3050,3.215143114,3.074760678,2.914405449,2.744653428,2.593622388
           2020-09-27 21:04:00,3060,3.233076536,3.099292038,2.943398616,2.773811338,2.617064292
           2020-09-27 21:14:00,3070,3.249577533,3.122356277,2.971634044,2.803393188,2.64195467
           2020-09-27 21:24:00,3080,3.266234995,3.143892373,2.998898374,2.833133935,2.668141613
           2020-09-27 21:34:00,3090,3.283629156,3.164073515,3.025004971,2.862764825,2.695440398
           2020-09-27 21:44:00,3100,3.300945889,3.183162503,3.049824386,2.892020488,2.723637038
           2020-09-27 21:54:00,3110,3.316485791,3.201318615,3.073293858,2.920649458,2.752493023
           2020-09-27 22:04:00,3120,3.329575247,3.218477832,3.095399888,2.948425098,2.781751509
           2020-09-27 22:14:00,3130,3.341016075,3.234491632,3.116144524,2.975153199,2.811144879
           2020-09-27 22:24:00,3140,3.352599301,3.249323166,3.135530436,3.000674097,2.840403014
           2020-09-27 22:34:00,3150,3.365296822,3.263173466,3.15357219,3.024861893,2.869261379
           2020-09-27 22:44:00,3160,3.37882967,3.276363029,3.170323802,3.047624374,2.897468416
           2020-09-27 22:54:00,3170,3.392066765,3.289158265,3.185889582,3.068905799,2.924792192
           2020-09-27 23:04:00,3180,3.404518652,3.301655993,3.200411388,3.088690321,2.951026618
           2020-09-27 23:14:00,3190,3.416693253,3.313870785,3.214040736,3.107002934,2.975997233
           2020-09-27 23:24:00,3200,3.429784008,3.325868637,3.226923414,3.123906098,2.999566171
           2020-09-27 23:34:00,3210,3.44450779,3.337856017,3.239202618,3.139493914,3.021635729
           2020-09-27 23:44:00,3220,3.460826914,3.350111834,3.251034321,3.153886552,3.042150229
           2020-09-27 23:54:00,3230,3.478150335,3.362883865,3.262593619,3.167226697,3.061096294
           2020-09-28 00:04:00,3240,3.496078341,3.376314985,3.274067547,3.1796769,3.078501899
           2020-09-28 00:14:00,3250,3.514585142,3.390471193,3.285638698,3.191416164,3.094434443
           2020-09-28 00:24:00,3260,3.533867297,3.405394208,3.297473526,3.20263467,3.108997878
           2020-09-28 00:34:00,3270,3.553757867,3.42113321,3.309718558,3.213527425,3.122328802
           2020-09-28 00:44:00,3280,3.573594572,3.437698373,3.322501573,3.224288054,3.13459154
           2020-09-28 00:54:00,3290,3.592445776,3.454998645,3.335927214,3.235103453,3.145972421
           2020-09-28 01:04:00,3300,3.609945871,3.47281214,3.350065082,3.246148656,3.156673533
           2020-09-28 01:14:00,3310,3.626491006,3.490869233,3.364934882,3.257580938,3.166906163
           2020-09-28 01:24:00,3320,3.643084753,3.508959908,3.38050369,3.269532851,3.176883976
           2020-09-28 01:34:00,3330,3.660783803,3.527017141,3.396698207,3.28210585,3.186815923
           2020-09-28 01:44:00,3340,3.680551545,3.545122883,3.413428244,3.295366497,3.196899105
           2020-09-28 01:54:00,3350,3.703081109,3.563492351,3.430610533,3.309346642,3.207312022
           2020-09-28 02:04:00,3360,3.72812689,3.582433183,3.448189637,3.324047439,3.218208817
           2020-09-28 02:14:00,3370,3.754362706,3.602215527,3.466152347,3.33944658,3.22971503
           2020-09-28 02:24:00,3380,3.779876977,3.622926563,3.484523706,3.355507625,3.241925288
           2020-09-28 02:34:00,3390,3.804025354,3.644395956,3.503343024,3.372188728,3.254903097
           2020-09-28 02:44:00,3400,3.827861782,3.666371153,3.522630033,3.389447925,3.268682568
           2020-09-28 02:54:00,3410,3.853612269,3.688746366,3.542374885,3.407243609,3.283271438
           2020-09-28 03:04:00,3420,3.882727028,3.711714721,3.562558647,3.425533383,3.298654608
           2020-09-28 03:14:00,3430,3.915409161,3.735655549,3.583193217,3.444275303,3.314797801
           2020-09-28 03:24:00,3440,3.950856842,3.760959947,3.604344716,3.463433987,3.331651531
           2020-09-28 03:34:00,3450,3.988156131,3.787892456,3.626132396,3.482989168,3.349155849
           2020-09-28 03:44:00,3460,4.026509704,3.816575734,3.648708473,3.502943308,3.367246031
           2020-09-28 03:54:00,3470,4.065349261,3.847007673,3.672235931,3.523325679,3.385858914
           2020-09-28 04:04:00,3480,4.104755468,3.879094778,3.696868957,3.544192721,3.40493924
           2020-09-28 04:14:00,3490,4.145547816,3.9127418,3.722738406,3.565625149,3.424445404
           2020-09-28 04:24:00,3500,4.189020128,3.9479515,3.749949887,3.587722644,3.444354083
           2020-09-28 04:34:00,3510,4.235959082,3.984886174,3.778595598,3.610597995,3.46466338
           2020-09-28 04:44:00,3520,4.286409445,4.023796188,3.808774431,3.634372673,3.485394423
           2020-09-28 04:54:00,3530,4.339809518,4.064918283,3.840602363,3.65917503,3.506591657
           2020-09-28 05:04:00,3540,4.395482236,4.108394484,3.874209242,3.685139887,3.528322232
           2020-09-28 05:14:00,3550,4.452764334,4.154259069,3.90972507,3.712407756,3.550674787
           2020-09-28 05:24:00,3560,4.510981736,4.202444245,3.947265171,3.741122389,3.573757656
           2020-09-28 05:34:00,3570,4.569324253,4.252783716,3.986916895,3.771426645,3.597696413
           2020-09-28 05:44:00,3580,4.62682665,4.305000846,4.028727692,3.803456994,3.622630655
           2020-09-28 05:54:00,3590,4.682550926,4.358695959,4.07269256,3.837336971,3.648709989
           2020-09-28 06:04:00,3600,4.736259438,4.41335955,4.118740968,3.87316965,3.676089264
           2020-09-28 06:14:00,3610,4.788566018,4.468475326,4.166726651,3.911029073,3.704922976
           2020-09-28 06:24:00,3620,4.840573338,4.523640625,4.216432353,3.950951286,3.735358999
           2020-09-28 06:34:00,3630,4.89251088,4.578634056,4.267591067,3.992926817,3.767531531
           2020-09-28 06:44:00,3640,4.943417215,4.633299154,4.319916755,4.03689747,3.801554249
           2020-09-28 06:54:00,3650,4.991561172,4.68738639,4.373117909,4.082756974,3.837512749
           2020-09-28 07:04:00,3660,5.036019078,4.740456231,4.426890765,4.130355196,3.875459061
           2020-09-28 07:14:00,3670,5.077045677,4.791992819,4.480897664,4.179499953,3.915405639
           2020-09-28 07:24:00,3680,5.115620456,4.841571548,4.534768268,4.229963708,3.957327867
           2020-09-28 07:34:00,3690,5.151709199,4.888946204,4.588108015,4.281475789,4.001153355
           2020-09-28 07:44:00,3700,5.183867052,4.933916553,4.640532756,4.33373132,4.046766361
           2020-09-28 07:54:00,3710,5.209682237,4.976107791,4.691646422,4.386366699,4.093976042
           2020-09-28 08:04:00,3720,5.227579221,5.014887525,4.741061473,4.439004857,4.142555004
           2020-09-28 08:14:00,3730,5.237239796,5.049484445,4.788365615,4.491260242,4.19224173
           2020-09-28 08:24:00,3740,5.239459708,5.079165875,4.833109456,4.54274355,4.242748547
           2020-09-28 08:34:00,3750,5.235641798,5.103385544,4.874811942,4.59305825,4.293764166
           2020-09-28 08:44:00,3760,5.227632472,5.121850348,4.912977077,4.641789364,4.344947602
           2020-09-28 08:54:00,3770,5.217469699,5.134569837,4.947128035,4.688503533,4.395929867
           2020-09-28 09:04:00,3780,5.20650658,5.141871799,4.976850991,4.732757806,4.446320059
           2020-09-28 09:14:00,3790,5.195194372,5.144294884,5.001836424,4.774111107,4.495709708
           2020-09-28 09:24:00,3800,5.18316843,5.142451103,5.021902447,4.812139099,4.543676922
           2020-09-28 09:34:00,3810,5.169574183,5.136902685,5.036998251,4.846451767,4.589792611
           2020-09-28 09:44:00,3820,5.15316383,5.1280861,5.04718973,4.876710504,4.633628675
           2020-09-28 09:54:00,3830,5.13256828,5.116252521,5.052633689,4.902641716,4.674767453
           2020-09-28 10:04:00,3840,5.107307264,5.101448626,5.053543581,4.92404549,4.712811948
           2020-09-28 10:14:00,3850,5.078023948,5.083635047,5.050153021,4.940798442,4.747396184
           2020-09-28 10:24:00,3860,5.046270878,5.062835161,5.042695899,4.95285059,4.778194845
           2020-09-28 10:34:00,3870,5.013740391,5.039252366,5.031407067,4.960218715,4.804931324
           2020-09-28 10:44:00,3880,4.982061126,5.013281611,5.016539088,4.96297919,4.827383741
           2020-09-28 10:54:00,3890,4.952631279,4.985492329,4.998380584,4.961262634,4.845388925
           2020-09-28 11:04:00,3900,4.926004794,4.956588313,4.977272237,4.955250727,4.858844705
           2020-09-28 11:14:00,3910,4.901756918,4.927286288,4.953617273,4.945174993,4.867710904
           2020-09-28 11:24:00,3920,4.878765948,4.898180027,4.927875701,4.931316863,4.872009417
           2020-09-28 11:34:00,3930,4.856245115,4.869647037,4.900540849,4.914006967,4.871823693
           2020-09-28 11:44:00,3940,4.833998946,4.841897205,4.87210452,4.893621378,4.86729762
           2020-09-28 11:54:00,3950,4.812307869,4.815056799,4.843030218,4.870573506,4.858633573
           2020-09-28 12:04:00,3960,4.791478867,4.789236822,4.813739251,4.845302944,4.846089162
           2020-09-28 12:14:00,3970,4.771737353,4.76454101,4.784607445,4.818263211,4.82997246
           2020-09-28 12:24:00,3980,4.753228389,4.741059816,4.755964262,4.789909986,4.810635715
           2020-09-28 12:34:00,3990,4.736007212,4.718865025,4.72809235,4.760690281,4.788467809
           2020-09-28 12:44:00,4000,4.720041005,4.698003434,4.701227521,4.731032706,4.763885735
           2020-09-28 12:54:00,4010,4.705241242,4.678491029,4.675558921,4.701338959,4.737325421
           2020-09-28 13:04:00,4020,4.691575228,4.660311632,4.651229324,4.671976571,4.709232202
           2020-09-28 13:14:00,4030,4.679093804,4.643430313,4.628336011,4.643272936,4.680051229
           2020-09-28 13:24:00,4040,4.667876283,4.62780986,4.606934025,4.615510668,4.650218107
           2020-09-28 13:34:00,4050,4.657813967,4.613419036,4.58704199,4.588924513,4.620150005
           2020-09-28 13:44:00,4060,4.648562623,4.600211325,4.568649142,4.563700082,4.590237508
           2020-09-28 13:54:00,4070,4.639643625,4.588097461,4.55171945,4.539974395,4.56083747
           2020-09-28 14:04:00,4080,4.630817596,4.576931878,4.536191911,4.517837711,4.53226711
           2020-09-28 14:14:00,4090,4.622172093,4.566548982,4.521978877,4.497335946,4.504799466
           2020-09-28 14:24:00,4100,4.613996948,4.55680978,4.508968989,4.478473273,4.478660227
           2020-09-28 14:34:00,4110,4.606315088,4.547630037,4.497035903,4.461215354,4.454025873
           2020-09-28 14:44:00,4120,4.598772526,4.538944521,4.486050073,4.445493819,4.431023082
           2020-09-28 14:54:00,4130,4.590773633,4.530656905,4.475884922,4.431212214,4.409729448
           2020-09-28 15:04:00,4140,4.581986588,4.522608724,4.466415559,4.418252486,4.390175545
           2020-09-28 15:14:00,4150,4.57246275,4.514616368,4.457512781,4.406480861,4.372348258
           2020-09-28 15:24:00,4160,4.562588987,4.506522996,4.449041575,4.395752383,4.356195104
           2020-09-28 15:34:00,4170,4.552928317,4.498242402,4.44086605,4.385914659,4.341629215
           2020-09-28 15:44:00,4180,4.54417094,4.48977979,4.432859586,4.376811599,4.328534712
           2020-09-28 15:54:00,4190,4.536848536,4.481244402,4.42491696,4.368287826,4.316772311
           2020-09-28 16:04:00,4200,4.530240138,4.472822745,4.416967258,4.360193936,4.306185127
           2020-09-28 16:14:00,4210,4.522137584,4.464606782,4.408982251,4.35239268,4.296604662
           2020-09-28 16:24:00,4220,4.509396378,4.456396513,4.400961127,4.344765407,4.287856989
           2020-09-28 16:34:00,4230,4.489952349,4.447583895,4.39288903,4.33721562,4.279769071
           2020-09-28 16:44:00,4240,4.463309435,4.437311552,4.384681378,4.329666264,4.272174763
           2020-09-28 16:54:00,4250,4.430343488,4.424695448,4.376151401,4.322049136,4.264919611
           2020-09-28 17:04:00,4260,4.392598741,4.4090169,4.367009284,4.314289879,4.257863401
           2020-09-28 17:14:00,4270,4.352086095,4.389815095,4.356888141,4.306293127,4.25087997
           2020-09-28 17:24:00,4280,4.310972678,4.366947518,4.345382769,4.297931588,4.243854383
           2020-09-28 17:34:00,4290,4.270464087,4.340603629,4.332096138,4.289040909,4.236678197
           2020-09-28 17:44:00,4300,4.230536259,4.311165708,4.316686626,4.279421308,4.229243738
           2020-09-28 17:54:00,4310,4.190225786,4.279034617,4.29889511,4.268845969,4.221438463
           2020-09-28 18:04:00,4320,4.148725731,4.244497316,4.27854733,4.257073295,4.213140461
           2020-09-28 18:14:00,4330,4.105654428,4.20774345,4.255537512,4.243859506,4.204215686
           2020-09-28 18:24:00,4340,4.060986704,4.168918004,4.229813549,4.228968943,4.194517054
           2020-09-28 18:34:00,4350,4.014799683,4.128164205,4.201368617,4.212182183,4.183885115
           2020-09-28 18:44:00,4360,3.967208539,4.085632042,4.170237878,4.19330273,4.172150017
           2020-09-28 18:54:00,4370,3.918343997,4.041478412,4.136495679,4.172162864,4.159134552
           2020-09-28 19:04:00,4380,3.868267288,3.995864641,4.10025221,4.14862863,4.14465813
           2020-09-28 19:14:00,4390,3.816951501,3.948943246,4.061649404,4.122603809,4.128541499
           2020-09-28 19:24:00,4400,3.764382449,3.900843181,4.020854777,4.094032737,4.110612001
           2020-09-28 19:34:00,4410,3.710947143,3.851669602,3.978053222,4.062901663,4.090709118
           2020-09-28 19:44:00,4420,3.657518181,3.801555878,3.933438894,4.029238407,4.06869001
           2020-09-28 19:54:00,4430,3.60526428,3.750725695,3.887214275,3.993110372,4.044434751
           2020-09-28 20:04:00,4440,3.554953288,3.699528031,3.839597672,3.954621957,4.017850932
           2020-09-28 20:14:00,4450,3.506785694,3.648378054,3.790835304,3.913912557,3.98887752
           2020-09-28 20:24:00,4460,3.460500025,3.597677083,3.741205362,3.871155819,3.957487973
           2020-09-28 20:34:00,4470,3.415756174,3.547748989,3.691011434,3.826559113,3.923692765
           2020-09-28 20:44:00,4480,3.372236243,3.498830148,3.640567853,3.780361885,3.887541323
           2020-09-28 20:54:00,4490,3.329651128,3.451074402,3.590184442,3.732831911,3.849123214
           2020-09-28 21:04:00,4500,3.287744953,3.40456016,3.540152829,3.684259538,3.80856834
           2020-09-28 21:14:00,4510,3.246300914,3.359299187,3.490734792,3.634950305,3.766045908
           2020-09-28 21:24:00,4520,3.205106912,3.315247056,3.442152903,3.585216373,3.721762037
           2020-09-28 21:34:00,4530,3.163801668,3.272309663,3.394583769,3.535367268,3.675955951
           2020-09-28 21:44:00,4540,3.121845613,3.230329888,3.3481533,3.485700442,3.628894795
           2020-09-28 21:54:00,4550,3.078645249,3.18907143,3.302931359,3.43649207,3.580867193
           2020-09-28 22:04:00,4560,3.034008602,3.148220247,3.258925405,3.387988122,3.532175736
           2020-09-28 22:14:00,4570,2.988249679,3.10744682,3.216075481,3.340395678,3.483128626
           2020-09-28 22:24:00,4580,2.942109496,3.066480462,3.174258514,3.293874748,3.434030649
           2020-09-28 22:34:00,4590,2.896484911,3.025170117,3.133303127,3.248531879,3.385173741
           2020-09-28 22:44:00,4600,2.852349417,2.98350572,3.093012624,3.204416919,3.336827508
           2020-09-28 22:54:00,4610,2.810631245,2.941626141,3.053190319,3.161523905,3.289230281
           2020-09-28 23:04:00,4620,2.771777833,2.899808231,3.013664975,3.119796203,3.242581337
           2020-09-28 23:14:00,4630,2.735653723,2.858396085,2.974313397,3.079135629,3.197034901
           2020-09-28 23:24:00,4640,2.701647126,2.817717063,2.93507199,3.039414869,3.152696464
           2020-09-28 23:34:00,4650,2.669059833,2.778013614,2.895935579,3.000491388,3.109621794
           2020-09-28 23:44:00,4660,2.637210283,2.739429049,2.856945868,2.962220812,3.067818713
           2020-09-28 23:54:00,4670,2.605517954,2.702008361,2.818177068,2.924468169,3.027251414
           2020-09-29 00:04:00,4680,2.573813434,2.665711473,2.779720965,2.887116414,2.98784682
           2020-09-29 00:14:00,4690,2.542408117,2.630468478,2.741673351,2.850072043,2.949502402
           2020-09-29 00:24:00,4700,2.511928079,2.596243452,2.704127594,2.813267942,2.91209483
           2020-09-29 00:34:00,4710,2.482690911,2.563074738,2.667176525,2.776664394,2.875488874
           2020-09-29 00:44:00,4720,2.454558498,2.531031319,2.630919411,2.74024938,2.839546076
           2020-09-29 00:54:00,4730,2.427043448,2.500150803,2.595462844,2.704038897,2.804132934
           2020-09-29 01:04:00,4740,2.39969471,2.470393714,2.560913351,2.668076507,2.769128407
           2020-09-29 01:14:00,4750,2.372195684,2.441651149,2.527364279,2.632431135,2.734430535
           2020-09-29 01:24:00,4760,2.344442048,2.41376635,2.494884401,2.597192513,2.699961826
           2020-09-29 01:34:00,4770,2.316843424,2.386566896,2.463510233,2.562464695,2.665673058
           2020-09-29 01:44:00,4780,2.290382699,2.359936443,2.433243539,2.528358378,2.631545236
           2020-09-29 01:54:00,4790,2.266242397,2.333892,2.404059189,2.494982946,2.597589599
           2020-09-29 02:04:00,4800,2.244393113,2.308608333,2.375923773,2.462439805,2.563845741
           2020-09-29 02:14:00,4810,2.22327504,2.284253042,2.348817454,2.430818594,2.530378154
           2020-09-29 02:24:00,4820,2.200385489,2.260783502,2.322733668,2.400196756,2.49727173
           2020-09-29 02:34:00,4830,2.174460048,2.237828785,2.297652082,2.370639529,2.464626857
           2020-09-29 02:44:00,4840,2.145989084,2.214866746,2.273496986,2.342196868,2.432554323
           2020-09-29 02:54:00,4850,2.11676026,2.191466679,2.250120929,2.31489551,2.401169802
           2020-09-29 03:04:00,4860,2.088170011,2.167464283,2.227321797,2.288729735,2.370587444
           2020-09-29 03:14:00,4870,2.060806323,2.142905545,2.204883271,2.263655393,2.340912606
           2020-09-29 03:24:00,4880,2.034532505,2.11793396,2.182606988,2.239590236,2.312234323
           2020-09-29 03:34:00,4890,2.008798547,2.092689895,2.160328637,2.216419259,2.284618533
           2020-09-29 03:44:00,4900,1.982728612,2.067253097,2.137919696,2.194002679,2.258102817
           2020-09-29 03:54:00,4910,1.955397628,2.041598437,2.115280773,2.17218441,2.232693062
           2020-09-29 04:04:00,4920,1.926883581,2.015590267,2.092328506,2.150799716,2.208362105
           2020-09-29 04:14:00,4930,1.898501295,1.989117297,2.068981407,2.129681033,2.185050204
           2020-09-29 04:24:00,4940,1.872277412,1.962254749,2.045163449,2.108661685,2.162667008
           2020-09-29 04:34:00,4950,1.848994713,1.93535089,2.020828517,2.087579772,2.141094625
           2020-09-29 04:44:00,4960,1.827734487,1.908849565,1.995994993,2.066284848,2.120191676
           2020-09-29 04:54:00,4970,1.806454716,1.883055538,1.970754901,2.044648529,2.099798553
           2020-09-29 05:04:00,4980,1.784146453,1.857983904,1.945250668,2.02257539,2.079744206
           2020-09-29 05:14:00,4990,1.761347501,1.833502182,1.919631736,2.000009711,2.059854295
           2020-09-29 05:24:00,5000,1.739650142,1.809539038,1.894030851,1.976935413,2.039959932
           2020-09-29 05:34:00,5010,1.71985837,1.78622259,1.868568745,1.953371983,2.019905901
           2020-09-29 05:44:00,5020,1.701549898,1.763769742,1.843377253,1.929370309,1.999557672
           2020-09-29 05:54:00,5030,1.683407208,1.742319763,1.818607326,1.905010997,1.978807095
           2020-09-29 06:04:00,5040,1.664434091,1.721817058,1.794414933,1.880403205,1.957577016
           2020-09-29 06:14:00,5050,1.64425546,1.70206037,1.770932108,1.855681135,1.935824824
           2020-09-29 06:24:00,5060,1.623066972,1.6827924,1.748245892,1.830996402,1.913544573
           2020-09-29 06:34:00,5070,1.601454665,1.6637816,1.726390724,1.806507726,1.890767297
           2020-09-29 06:44:00,5080,1.580338225,1.644878131,1.705353068,1.782370091,1.867559309
           2020-09-29 06:54:00,5090,1.560774366,1.626059723,1.685084075,1.75872475,1.844018083
           2020-09-29 07:04:00,5100,1.543229471,1.607448267,1.665518339,1.735691164,1.820265859
           2020-09-29 07:14:00,5110,1.527410505,1.589228948,1.646596106,1.713363399,1.796443056
           2020-09-29 07:24:00,5120,1.512500971,1.571549772,1.628276328,1.691812184,1.772703021
           2020-09-29 07:34:00,5130,1.498031255,1.554450592,1.610531821,1.671085151,1.749202883
           2020-09-29 07:44:00,5140,1.48407871,1.537902918,1.593328062,1.65120016,1.726087779
           2020-09-29 07:54:00,5150,1.471118108,1.521883861,1.576615994,1.63214495,1.703483182
           2020-09-29 08:04:00,5160,1.459472563,1.506432136,1.560338821,1.61388057,1.68149191
           2020-09-29 08:14:00,5170,1.449179102,1.491625813,1.544442657,1.596342978,1.660189058
           2020-09-29 08:24:00,5180,1.440065766,1.477582776,1.52892429,1.579487157,1.639658623
           2020-09-29 08:34:00,5190,1.431842193,1.464393025,1.513799239,1.563258702,1.619957728
           2020-09-29 08:44:00,5200,1.424142435,1.452108214,1.499104495,1.547605459,1.601122118
           2020-09-29 08:54:00,5210,1.416633553,1.440721808,1.484883544,1.532473508,1.583158074
           2020-09-29 09:04:00,5220,1.409471801,1.430180835,1.471184747,1.517817217,1.566050738
           2020-09-29 09:14:00,5230,1.403399104,1.420450002,1.458052634,1.503600209,1.54976581
           2020-09-29 09:24:00,5240,1.399440938,1.411589121,1.445529895,1.489797043,1.534254037
           2020-09-29 09:34:00,5250,1.397766889,1.40378657,1.43366826,1.476393547,1.519455012
           2020-09-29 09:44:00,5260,1.397430768,1.397240941,1.422544422,1.463389278,1.505302277
           2020-09-29 09:54:00,5270,1.396781529,1.392010681,1.412258915,1.450800906,1.491728072
           2020-09-29 10:04:00,5280,1.394988237,1.387923772,1.402914984,1.438664988,1.478668464
           2020-09-29 10:14:00,5290,1.392402512,1.384694223,1.39458592,1.427037223,1.466068403
           2020-09-29 10:24:00,5300,1.39020154,1.382085296,1.387299152,1.415986978,1.453886262
           2020-09-29 10:34:00,5310,1.38905429,1.380021104,1.381042948,1.405589383,1.442097027
           2020-09-29 10:44:00,5320,1.388801475,1.378517292,1.375788396,1.395918274,1.430693814
           2020-09-29 10:54:00,5330,1.388573279,1.377570079,1.371502094,1.387042104,1.419687833
           2020-09-29 11:04:00,5340,1.387199715,1.377063769,1.368144161,1.379021667,1.409107234
           2020-09-29 11:14:00,5350,1.383326958,1.376736025,1.365654361,1.371907725,1.398995126
           2020-09-29 11:24:00,5360,1.375771175,1.376160958,1.363934425,1.365737069,1.389406847
           2020-09-29 11:34:00,5370,1.364862989,1.374781242,1.362829194,1.360526667,1.380406382
           2020-09-29 11:44:00,5380,1.352738735,1.372118685,1.362113265,1.356265873,1.372061791
           2020-09-29 11:54:00,5390,1.342670486,1.368016932,1.361506754,1.352907632,1.364439562
           2020-09-29 12:04:00,5400,1.336603678,1.362785383,1.360723424,1.350362643,1.357597895
           2020-09-29 12:14:00,5410,1.334564927,1.357007803,1.359536705,1.348500783,1.351579514
           2020-09-29 12:24:00,5420,1.335097614,1.351273502,1.357817908,1.347161939,1.346405113
           2020-09-29 12:34:00,5430,1.336883579,1.34597212,1.355536544,1.346172163,1.342068815
           2020-09-29 12:44:00,5440,1.339146214,1.341309927,1.35273201,1.345359779,1.33853639
           2020-09-29 12:54:00,5450,1.341604183,1.337381032,1.349486907,1.344567382,1.335746217
           2020-09-29 13:04:00,5460,1.344295066,1.33423215,1.345909528,1.343659838,1.333612379
           2020-09-29 13:14:00,5470,1.34752682,1.33190334,1.342124666,1.342529419,1.332029268
           2020-09-29 13:24:00,5480,1.351792571,1.330461817,1.338269527,1.341099111,1.330877212
           2020-09-29 13:34:00,5490,1.35745433,1.330023811,1.33449385,1.339324721,1.330028739
           2020-09-29 13:44:00,5500,1.364666965,1.330733921,1.330962624,1.337196302,1.329355202
           2020-09-29 13:54:00,5510,1.373390567,1.332735048,1.327855778,1.33473921,1.328733503
           2020-09-29 14:04:00,5520,1.383426332,1.336141165,1.325363782,1.332014395,1.328052743
           2020-09-29 14:14:00,5530,1.394432137,1.341016276,1.323679744,1.329117408,1.327220537
           2020-09-29 14:24:00,5540,1.405980786,1.347356974,1.322989114,1.326175729,1.326168722
           2020-09-29 14:34:00,5550,1.417762984,1.355084335,1.323457705,1.323344238,1.324858102
           2020-09-29 14:44:00,5560,1.429638677,1.364064134,1.32521952,1.320798747,1.323281942
           2020-09-29 14:54:00,5570,1.441680868,1.374134307,1.328368337,1.318727775,1.321467894
           2020-09-29 15:04:00,5580,1.454348447,1.385138092,1.332954039,1.317323283,1.319478145
           2020-09-29 15:14:00,5590,1.468516503,1.396979261,1.338984397,1.316771204,1.317407678
           2020-09-29 15:24:00,5600,1.485181175,1.409679265,1.346435047,1.317242699,1.315380738
           2020-09-29 15:34:00,5610,1.504345406,1.423392376,1.355267565,1.318887381,1.313545688
           2020-09-29 15:44:00,5620,1.524768021,1.438271222,1.365449615,1.321829661,1.312068704
           2020-09-29 15:54:00,5630,1.544475132,1.454302133,1.376957,1.326168523,1.311126862
           2020-09-29 16:04:00,5640,1.562668267,1.471213802,1.389753959,1.331978265,1.31090125
           2020-09-29 16:14:00,5650,1.580171172,1.488643329,1.403762095,1.339307319,1.311570389
           2020-09-29 16:24:00,5660,1.598914275,1.50635804,1.418852522,1.348173676,1.313303849
           2020-09-29 16:34:00,5670,1.620021583,1.524401785,1.434868058,1.358560122,1.316255741
           2020-09-29 16:44:00,5680,1.643350412,1.542980958,1.451664406,1.370413255,1.32055821
           2020-09-29 16:54:00,5690,1.667888677,1.562290112,1.469134835,1.383648653,1.326315548
           2020-09-29 17:04:00,5700,1.693252246,1.582394133,1.487210448,1.398159736,1.333599814
           2020-09-29 17:14:00,5710,1.720038821,1.603312518,1.505844026,1.4138268,1.342448486
           2020-09-29 17:24:00,5720,1.749481329,1.625148634,1.525004739,1.430523863,1.352864145
           2020-09-29 17:34:00,5730,1.782159148,1.648168821,1.544689444,1.448124624,1.36481581
           2020-09-29 17:44:00,5740,1.817692847,1.672707099,1.564943387,1.466509603,1.378241731
           2020-09-29 17:54:00,5750,1.854978171,1.699031131,1.585866809,1.485575499,1.393053655
           2020-09-29 18:04:00,5760,1.893040615,1.727243349,1.607602635,1.505244676,1.409142698
           2020-09-29 18:14:00,5770,1.931250876,1.757299775,1.630310579,1.52547209,1.426386659
           2020-09-29 18:24:00,5780,1.969307533,1.789058948,1.654143958,1.546247817,1.44465822
           2020-09-29 18:34:00,5790,2.007161209,1.822328996,1.679233501,1.567595604,1.463833244
           2020-09-29 18:44:00,5800,2.044992827,1.856904613,1.705678037,1.589568477,1.483798453
           2020-09-29 18:54:00,5810,2.083075728,1.89260089,1.733540778,1.61224249,1.504457962
           2020-09-29 19:04:00,5820,2.121243779,1.929268197,1.762850791,1.63570951,1.525738281
           2020-09-29 19:14:00,5830,2.158772926,1.966736201,1.793607085,1.660069916,1.547591605
           2020-09-29 19:24:00,5840,2.194655623,2.004743978,1.825775877,1.685425723,1.569997354
           2020-09-29 19:34:00,5850,2.22862762,2.042909283,1.859279433,1.711873395,1.592962016
           2020-09-29 19:44:00,5860,2.261404004,2.080835791,1.893982005,1.739495419,1.616517328
           2020-09-29 19:54:00,5870,2.294357074,2.118248945,1.929691342,1.768350471,1.640716703
           2020-09-29 20:04:00,5880,2.32832858,2.155084165,1.966179111,1.79846448,1.665629866
           2020-09-29 20:14:00,5890,2.363341818,2.191412924,2.00321317,1.829825231,1.69133599
           2020-09-29 20:24:00,5900,2.398735493,2.227330476,2.040579483,1.862382114,1.717915975
           2020-09-29 20:34:00,5910,2.433654533,2.262863222,2.078088512,1.896049552,1.745444775
           2020-09-29 20:44:00,5920,2.46717938,2.297943529,2.115568873,1.930711942,1.773984419
           2020-09-29 20:54:00,5930,2.498448967,2.33240291,2.152857467,1.96622831,1.803578073
           2020-09-29 21:04:00,5940,2.527118711,2.365982475,2.189788627,2.002436129,1.834245244
           2020-09-29 21:14:00,5950,2.553463106,2.39840454,2.22618464,2.039154095,1.865978088
           2020-09-29 21:24:00,5960,2.578179401,2.429456082,2.261855777,2.076183969,1.898738773
           2020-09-29 21:34:00,5970,2.601661863,2.459043259,2.296611123,2.113312661,1.932457788
           2020-09-29 21:44:00,5980,2.623826135,2.48714702,2.330275973,2.150315874,1.967033261
           2020-09-29 21:54:00,5990,2.644271155,2.513755569,2.362702333,2.186964014,2.002331451
           2020-09-29 22:04:00,6000,2.662895669,2.538819686,2.393769519,2.223029241,2.03818867
           2020-09-29 22:14:00,6010,2.680041593,2.562291093,2.423378109,2.258292167,2.074414663
           2020-09-29 22:24:00,6020,2.696390545,2.584178828,2.451448525,2.292547183,2.110797293
           2020-09-29 22:34:00,6030,2.712598152,2.604590003,2.477926553,2.325606942,2.147108163
           2020-09-29 22:44:00,6040,2.729198946,2.623720207,2.502793568,2.357306846,2.183108913
           2020-09-29 22:54:00,6050,2.74645575,2.641830762,2.526074647,2.387510076,2.218558014
           2020-09-29 23:04:00,6060,2.763777016,2.659206104,2.54784287,2.416112823,2.253217944
           2020-09-29 23:14:00,6070,2.779598744,2.67603519,2.56821729,2.443049144,2.286862617
           2020-09-29 23:24:00,6080,2.791953863,2.692281747,2.587344812,2.468294622,2.31928483
           2020-09-29 23:34:00,6090,2.800610743,2.70763619,2.605365188,2.491866707,2.350303443
           2020-09-29 23:44:00,6100,2.807561175,2.721755447,2.622370864,2.513819685,2.379769714
           2020-09-29 23:54:00,6110,2.81621234,2.73456236,2.638400463,2.534233839,2.407572014
           2020-09-30 00:04:00,6120,2.82838491,2.746428207,2.653473109,2.553203651,2.433638127
           2020-09-30 00:14:00,6130,2.843598929,2.757948605,2.667646777,2.570830686,2.457935061
           2020-09-30 00:24:00,6140,2.859724623,2.769627968,2.681045631,2.587224434,2.480467089
           2020-09-30 00:34:00,6150,2.875405194,2.781658811,2.693844662,2.602506892,2.501273209
           2020-09-30 00:44:00,6160,2.890644001,2.794030639,2.706225374,2.616815194,2.520424624
           2020-09-30 00:54:00,6170,2.906471229,2.806716266,2.718347285,2.630298537,2.538022118
           2020-09-30 01:04:00,6180,2.923699819,2.819809894,2.730345388,2.643111735,2.554192701
           2020-09-30 01:14:00,6190,2.942621546,2.833496021,2.742346554,2.655409033,2.56908524
           2020-09-30 01:24:00,6200,2.96309964,2.847978016,2.754481804,2.667340761,2.582865295
           2020-09-30 01:34:00,6210,2.984908055,2.863420489,2.766889032,2.679052267,2.595709705
           2020-09-30 01:44:00,6220,3.007819165,2.879938334,2.77970814,2.690683807,2.607801405
           2020-09-30 01:54:00,6230,3.031682888,2.897598145,2.793074945,2.702370335,2.619324706
           2020-09-30 02:04:00,6240,3.056727203,2.916430569,2.80711551,2.714240985,2.630461158
           2020-09-30 02:14:00,6250,3.083622637,2.936482493,2.821942371,2.726418267,2.641386012
           2020-09-30 02:24:00,6260,3.113280832,2.957876237,2.837657862,2.739017168,2.652265304
           2020-09-30 02:34:00,6270,3.146102228,2.980839675,2.854365225,2.752145027,2.663253565
           2020-09-30 02:44:00,6280,3.181800855,3.005634756,2.872183305,2.765903135,2.674492247
           2020-09-30 02:54:00,6290,3.219597883,3.032464102,2.891251095,2.780390379,2.686109066
           2020-09-30 03:04:00,6300,3.258933342,3.061406113,2.911719419,2.795707427,2.698218454
           2020-09-30 03:14:00,6310,3.299641295,3.092447245,2.933733924,2.811959626,2.710923086
           2020-09-30 03:24:00,6320,3.341880388,3.125537779,2.957422674,2.829257389,2.724316198
           2020-09-30 03:34:00,6330,3.385870635,3.160637565,2.982891479,2.847714695,2.738484212
           2020-09-30 03:44:00,6340,3.431827298,3.197725821,3.010225567,2.867446762,2.753509311
           2020-09-30 03:54:00,6350,3.479847082,3.236801803,3.039492685,2.888567746,2.769471706
           2020-09-30 04:04:00,6360,3.52945997,3.277870184,3.070746405,2.91118869,2.786451523
           2020-09-30 04:14:00,6370,3.579536747,3.320867396,3.104027576,2.935415772,2.804530234
           2020-09-30 04:24:00,6380,3.628637902,3.365578314,3.139356174,2.961348648,2.823791614
           2020-09-30 04:34:00,6390,3.676313847,3.411602844,3.176712615,2.989077659,2.844322178
           2020-09-30 04:44:00,6400,3.723404913,3.458497466,3.216015619,3.018678607,2.866210934
           2020-09-30 04:54:00,6410,3.771572391,3.505953351,3.25712011,3.050204814,2.889548119
           2020-09-30 05:04:00,6420,3.821548467,3.553906324,3.299839532,3.083679304,2.91442261
           2020-09-30 05:14:00,6430,3.872721147,3.602409413,3.343982674,3.119090463,2.940918093
           2020-09-30 05:24:00,6440,3.923631015,3.65145183,3.389372758,3.156393112,2.969108561
           2020-09-30 05:34:00,6450,3.973844479,3.70084834,3.435841881,3.19551251,2.999053954
           2020-09-30 05:44:00,6460,4.024390434,3.750380696,3.483210707,3.236347922,3.030796433
           2020-09-30 05:54:00,6470,4.077230114,3.799993298,3.531287288,3.278773766,3.064357295
           2020-09-30 06:04:00,6480,4.133288758,3.8499117,3.579891696,3.322640934,3.099734301
           2020-09-30 06:14:00,6490,4.191987868,3.900494164,3.628895242,3.367781563,3.136899451
           2020-09-30 06:24:00,6500,4.251669102,3.952023223,3.678238191,3.414019124,3.175797791
           2020-09-30 06:34:00,6510,4.311169374,4.004558968,3.727918223,3.461180549,3.216347851
           2020-09-30 06:44:00,6520,4.370204688,4.058007144,3.777959037,3.509106694,3.258444362
           2020-09-30 06:54:00,6530,4.429085358,4.112237571,3.828387417,3.557657397,3.301961968
           2020-09-30 07:04:00,6540,4.487631501,4.167163392,3.879226833,3.606713617,3.346760467
           2020-09-30 07:14:00,6550,4.54492066,4.222673577,3.930500249,3.656176927,3.392689185
           2020-09-30 07:24:00,6560,4.599614568,4.278538965,3.98222834,3.705973444,3.439595865
           2020-09-30 07:34:00,6570,4.651153035,4.334356394,4.034406075,3.756047623,3.487326628
           2020-09-30 07:44:00,6580,4.70003881,4.389663921,4.086982217,3.806362022,3.535734477
           2020-09-30 07:54:00,6590,4.747515494,4.444066757,4.139830086,3.856868765,3.58466224
           2020-09-30 08:04:00,6600,4.794477405,4.497357454,4.192777236,3.907518214,3.633962634
           2020-09-30 08:14:00,6610,4.841198666,4.549469292,4.245633522,3.958253671,3.683501134
           2020-09-30 08:24:00,6620,4.887307809,4.600407399,4.298226869,4.009023967,3.733171834
           2020-09-30 08:34:00,6630,4.931601714,4.650159462,4.350411407,4.059782681,3.782896345
           2020-09-30 08:44:00,6640,4.972009973,4.698568476,4.402048018,4.110472884,3.832606577
           2020-09-30 08:54:00,6650,5.005910436,4.745220022,4.45298325,4.161024481,3.882240213
           2020-09-30 09:04:00,6660,5.031274455,4.789384264,4.503021426,4.211356347,3.931742949
           2020-09-30 09:14:00,6670,5.046950384,4.830110604,4.551886412,4.261371004,3.981066723
           2020-09-30 09:24:00,6680,5.052586531,4.866358133,4.599195901,4.310942741,4.030165085
           2020-09-30 09:34:00,6690,5.048345664,4.897114751,4.644455951,4.359904153,4.078988022
           2020-09-30 09:44:00,6700,5.03481957,4.921475546,4.687073267,4.408033482,4.127475614
           2020-09-30 09:54:00,6710,5.012998116,4.938705919,4.726378435,4.45504442,4.175549988
           2020-09-30 10:04:00,6720,4.984211914,4.948296139,4.761657578,4.50058003,4.2231062
           2020-09-30 10:14:00,6730,4.950091373,4.950003394,4.792190839,4.54421207,4.270003013
           2020-09-30 10:24:00,6740,4.912476253,4.943883158,4.817295229,4.5854464,4.316054369
           2020-09-30 10:34:00,6750,4.873165894,4.930303113,4.836369616,4.62373474,4.361022444
           2020-09-30 10:44:00,6760,4.833835714,4.909918919,4.848938822,4.658492683,4.404613172
           2020-09-30 10:54:00,6770,4.795887335,4.883635236,4.854691193,4.689123393,4.446475094
           2020-09-30 11:04:00,6780,4.759935034,4.852544344,4.853507309,4.715045604,4.486202179
           2020-09-30 11:14:00,6790,4.725689632,4.81779589,4.845476739,4.735724169,4.523341035
           2020-09-30 11:24:00,6800,4.692239125,4.780454061,4.830893843,4.750701068,4.557402585
           2020-09-30 11:34:00,6810,4.659100934,4.741397131,4.810231642,4.759623597,4.587877956
           2020-09-30 11:44:00,6820,4.626478476,4.701362135,4.784100394,4.762266527,4.614257843
           2020-09-30 11:54:00,6830,4.595036664,4.661025709,4.753211179,4.758546037,4.636054123
           2020-09-30 12:04:00,6840,4.565038525,4.621055965,4.718349899,4.748526132,4.65282225
           2020-09-30 12:14:00,6850,4.536149189,4.582051123,4.680358237,4.732419087,4.664183039
           2020-09-30 12:24:00,6860,4.507720585,4.544456691,4.640107,4.710581084,4.66984275
           2020-09-30 12:34:00,6870,4.479838558,4.508526182,4.598459826,4.683502363,4.669610581
           2020-09-30 12:44:00,6880,4.453570122,4.474425476,4.556233941,4.651791052,4.66341267
           2020-09-30 12:54:00,6890,4.430620675,4.442370054,4.514177756,4.616150879,4.651301705
           2020-09-30 13:04:00,6900,4.412039824,4.412714386,4.472969648,4.577355652,4.633461368
           2020-09-30 13:14:00,6910,4.397916764,4.385867355,4.433231204,4.53622395,4.610205355
           2020-09-30 13:24:00,6920,4.387541281,4.362169537,4.395531426,4.493596498,4.581971258
           2020-09-30 13:34:00,6930,4.379963251,4.341795883,4.360376963,4.450315472,4.549310026
           2020-09-30 13:44:00,6940,4.37414725,4.32473678,4.328192056,4.407204282,4.512871678
           2020-09-30 13:54:00,6950,4.369030124,4.310802018,4.299298866,4.365046864,4.473387806
           2020-09-30 14:04:00,6960,4.363688158,4.299634053,4.273901224,4.324566918,4.431651312
           2020-09-30 14:14:00,6970,4.357385996,4.290744495,4.252072868,4.286407813,4.388493883
           2020-09-30 14:24:00,6980,4.349597848,4.28355691,4.233753015,4.251113988,4.344761837
           2020-09-30 14:34:00,6990,4.3400669,4.277451397,4.218749663,4.219114941,4.301291053
           2020-09-30 14:44:00,7000,4.328815152,4.271815159,4.206750333,4.190712823,4.2588818
           2020-09-30 14:54:00,7010,4.316039072,4.26609156,4.197340412,4.166074514,4.218274355
           2020-09-30 15:04:00,7020,4.301720751,4.259811829,4.190028151,4.145228938,4.180126355
           2020-09-30 15:14:00,7030,4.285533113,4.252571737,4.184273291,4.128070151,4.144992804
           2020-09-30 15:24:00,7040,4.267060892,4.243993743,4.179511302,4.114366189,4.11330966
           2020-09-30 15:34:00,7050,4.2466659,4.233717235,4.175170891,4.103772536,4.085381742
           2020-09-30 15:44:00,7060,4.225672435,4.22150167,4.170688261,4.095848717,4.06137549
           2020-09-30 15:54:00,7070,4.205892414,4.207348863,4.165532829,4.090076975,4.041316738
           2020-09-30 16:04:00,7080,4.187872071,4.191555419,4.159246274,4.085883964,4.025093447
           2020-09-30 16:14:00,7090,4.170481726,4.174527521,4.151484886,4.082666595,4.012463366
           2020-09-30 16:24:00,7100,4.151382508,4.15654407,4.142033242,4.079821818,4.00306663
           2020-09-30 16:34:00,7110,4.128752535,4.137588572,4.130783044,4.076775876,3.996443258
           2020-09-30 16:44:00,7120,4.101712017,4.117417108,4.117687514,4.073007966,3.992054798
           2020-09-30 16:54:00,7130,4.070242002,4.095684116,4.102723929,4.068064817,3.98930873
           2020-09-30 17:04:00,7140,4.034889156,4.07205649,4.085872526,4.061567311,3.987583767
           2020-09-30 17:14:00,7150,3.996677512,4.046286824,4.067110407,4.053211479,3.986254414
           2020-09-30 17:24:00,7160,3.956893058,4.018273299,4.046415107,4.042766096,3.984713578
           2020-09-30 17:34:00,7170,3.916294641,3.98808888,4.023776116,4.03006846,3.982392378
           2020-09-30 17:44:00,7180,3.874925253,3.955904201,3.999210239,4.015019745,3.978776661
           2020-09-30 17:54:00,7190,3.832375659,3.921886949,3.972766699,3.997580787,3.97342003
